x-axis,1,2
second,Volt,Volt
-25.00000E-03,-1.00698805E+00,-3.72959E-03
-24.97500E-03,-1.02887750E+00,-3.72959E-03
-24.95000E-03,-1.04479710E+00,-3.72959E-03
-24.92500E-03,-1.06059610E+00,-2.47330E-03
-24.90000E-03,-1.08097800E+00,-3.72959E-03
-24.87500E-03,-1.09713881E+00,-3.72959E-03
-24.85000E-03,-1.11124936E+00,-3.72959E-03
-24.82500E-03,-1.13271670E+00,-3.72959E-03
-24.80000E-03,-1.14658605E+00,-2.47330E-03
-24.77500E-03,-1.16328956E+00,-3.02607E-03
-24.75000E-03,-1.18246544E+00,-3.72959E-03
-24.72500E-03,-1.19693780E+00,-3.42808E-03
-24.70000E-03,-1.21352072E+00,-3.72959E-03
-24.67500E-03,-1.23149057E+00,-3.62908E-03
-24.65000E-03,-1.24517901E+00,-3.72959E-03
-24.62500E-03,-1.26266645E+00,-3.22707E-03
-24.60000E-03,-1.28099811E+00,-3.72959E-03
-24.57500E-03,-1.29727951E+00,-3.37783E-03
-24.55000E-03,-1.31241520E+00,-2.62406E-03
-24.52500E-03,-1.33086746E+00,-3.67934E-03
-24.50000E-03,-1.34558102E+00,-2.72456E-03
-24.47500E-03,-1.36071670E+00,-3.72959E-03
-24.45000E-03,-1.37555087E+00,-2.47330E-03
-24.42500E-03,-1.39484736E+00,-2.87532E-03
-24.40000E-03,-1.40950061E+00,-2.47330E-03
-24.37500E-03,-1.42306845E+00,-2.47330E-03
-24.35000E-03,-1.43567148E+00,-3.72959E-03
-24.32500E-03,-1.45484736E+00,-3.72959E-03
-24.30000E-03,-1.46769158E+00,-2.47330E-03
-24.27500E-03,-1.48349057E+00,-2.02104E-03
-24.25000E-03,-1.49844535E+00,-2.47330E-03
-24.22500E-03,-1.51352071E+00,-3.67933E-03
-24.20000E-03,-1.52769158E+00,-2.47330E-03
-24.17500E-03,-1.54156093E+00,-2.47330E-03
-24.15000E-03,-1.55910866E+00,-3.72959E-03
-24.12500E-03,-1.57141016E+00,-2.97582E-03
-24.10000E-03,-1.58280716E+00,-3.42808E-03
-24.07500E-03,-1.60246544E+00,-2.47330E-03
-24.05000E-03,-1.61000312E+00,-2.57380E-03
-24.02500E-03,-1.62736996E+00,-2.77481E-03
-24.00000E-03,-1.63955088E+00,-3.72959E-03
-23.97500E-03,-1.65571168E+00,-2.47330E-03
-23.95000E-03,-1.66921921E+00,-3.37782E-03
-23.92500E-03,-1.67989258E+00,-2.47330E-03
-23.90000E-03,-1.69141016E+00,-2.47330E-03
-23.87500E-03,-1.70347048E+00,-2.47330E-03
-23.85000E-03,-1.71842525E+00,-2.47330E-03
-23.82500E-03,-1.73139005E+00,-1.87029E-03
-23.80000E-03,-1.74158103E+00,-2.47330E-03
-23.77500E-03,-1.75647549E+00,-2.47330E-03
-23.75000E-03,-1.76980212E+00,-2.47330E-03
-23.72500E-03,-1.77860614E+00,-2.47330E-03
-23.70000E-03,-1.78843529E+00,-2.47330E-03
-23.67500E-03,-1.80230464E+00,-3.72959E-03
-23.65000E-03,-1.81472676E+00,-2.47330E-03
-23.62500E-03,-1.82739006E+00,-2.47330E-03
-23.60000E-03,-1.83643531E+00,-2.47330E-03
-23.57500E-03,-1.84650564E+00,-2.47330E-03
-23.55000E-03,-1.85790263E+00,-2.47330E-03
-23.52500E-03,-1.87201320E+00,-1.76978E-03
-23.50000E-03,-1.88105841E+00,-2.47330E-03
-23.47500E-03,-1.89155085E+00,-2.47330E-03
-23.45000E-03,-1.89981218E+00,-3.52857E-03
-23.42500E-03,-1.90710864E+00,-2.47330E-03
-23.40000E-03,-1.92357096E+00,-2.47330E-03
-23.37500E-03,-1.93261619E+00,-3.22708E-03
-23.35000E-03,-1.93882723E+00,-1.76979E-03
-23.32500E-03,-1.94962122E+00,-2.12154E-03
-23.30000E-03,-1.95746043E+00,-3.57883E-03
-23.27500E-03,-1.96566142E+00,-2.42306E-03
-23.25000E-03,-1.98055589E+00,-1.46827E-03
-23.22500E-03,-1.98743025E+00,-1.21702E-03
-23.20000E-03,-1.99665639E+00,-1.87028E-03
-23.17500E-03,-2.00298804E+00,-2.47330E-03
-23.15000E-03,-2.01227447E+00,-2.47330E-03
-23.12500E-03,-2.02457600E+00,-1.21703E-03
-23.10000E-03,-2.03139007E+00,-2.27230E-03
-23.07500E-03,-2.03561115E+00,-2.47330E-03
-23.05000E-03,-2.04345036E+00,-2.47330E-03
-23.02500E-03,-2.05171166E+00,-2.47330E-03
-23.00000E-03,-2.06045537E+00,-1.21702E-03
-22.97500E-03,-2.06527950E+00,-2.42305E-03
-22.95000E-03,-2.07209360E+00,-2.47330E-03
-22.92500E-03,-2.08035488E+00,-2.47330E-03
-22.90000E-03,-2.08855587E+00,-3.72959E-03
-22.87500E-03,-2.09422425E+00,-3.72959E-03
-22.85000E-03,-2.09802324E+00,-2.47330E-03
-22.82500E-03,-2.10447548E+00,-3.62908E-03
-22.80000E-03,-2.11201317E+00,-2.57380E-03
-22.77500E-03,-2.11430464E+00,-2.17180E-03
-22.75000E-03,-2.12739007E+00,-1.97080E-03
-22.72500E-03,-2.12775187E+00,-2.47330E-03
-22.70000E-03,-2.13613377E+00,-2.82507E-03
-22.67500E-03,-2.13969159E+00,-2.32254E-03
-22.65000E-03,-2.14517900E+00,-2.47330E-03
-22.62500E-03,-2.15151065E+00,-2.47330E-03
-22.60000E-03,-2.15271669E+00,-1.66928E-03
-22.57500E-03,-2.16103828E+00,-3.72959E-03
-22.55000E-03,-2.16073679E+00,-2.47330E-03
-22.52500E-03,-2.16905838E+00,-2.47330E-03
-22.50000E-03,-2.16929961E+00,-2.47330E-03
-22.47500E-03,-2.17834483E+00,-2.47330E-03
-22.45000E-03,-2.18540011E+00,-1.61902E-03
-22.42500E-03,-2.18515891E+00,-2.47330E-03
-22.40000E-03,-2.18889759E+00,-1.21702E-03
-22.37500E-03,-2.18889759E+00,-2.47330E-03
-22.35000E-03,-2.19034482E+00,-2.47330E-03
-22.32500E-03,-2.19776192E+00,-2.47330E-03
-22.30000E-03,-2.19601318E+00,-2.47330E-03
-22.27500E-03,-2.19643528E+00,-3.02606E-03
-22.25000E-03,-2.20035492E+00,-2.47330E-03
-22.22500E-03,-2.20511868E+00,-2.47330E-03
-22.20000E-03,-2.20535989E+00,-1.31753E-03
-22.17500E-03,-2.20535991E+00,-2.47330E-03
-22.15000E-03,-2.20361117E+00,-2.17181E-03
-22.12500E-03,-2.21060612E+00,-1.21702E-03
-22.10000E-03,-2.21084733E+00,-1.21702E-03
-22.07500E-03,-2.21151065E+00,-2.12154E-03
-22.05000E-03,-2.21283728E+00,-2.62407E-03
-22.02500E-03,-2.21006341E+00,-2.47330E-03
-22.00000E-03,-2.21181215E+00,-1.21702E-03
-21.97500E-03,-2.21151065E+00,-1.66927E-03
-21.95000E-03,-2.21151065E+00,-2.47330E-03
-21.92500E-03,-2.21301819E+00,-2.47330E-03
-21.90000E-03,-2.21151065E+00,-2.27229E-03
-21.87500E-03,-2.21151065E+00,-2.47330E-03
-21.85000E-03,-2.21151065E+00,-2.47330E-03
-21.82500E-03,-2.21199305E+00,-2.07130E-03
-21.80000E-03,-2.21151065E+00,-1.87030E-03
-21.77500E-03,-2.21151065E+00,-2.02103E-03
-21.75000E-03,-2.21120914E+00,-2.47330E-03
-21.72500E-03,-2.21006343E+00,-2.47330E-03
-21.70000E-03,-2.20451564E+00,-2.47330E-03
-21.67500E-03,-2.20397297E+00,-2.47330E-03
-21.65000E-03,-2.20397297E+00,-2.47330E-03
-21.62500E-03,-2.20397297E+00,-3.22706E-03
-21.60000E-03,-2.20361114E+00,-2.47330E-03
-21.57500E-03,-2.19492774E+00,-2.57382E-03
-21.55000E-03,-2.19492774E+00,-2.47330E-03
-21.52500E-03,-2.19565133E+00,-2.17181E-03
-21.50000E-03,-2.18678705E+00,-1.71952E-03
-21.47500E-03,-2.18672672E+00,-2.47330E-03
-21.45000E-03,-2.18739005E+00,-2.12153E-03
-21.42500E-03,-2.18286744E+00,-2.47330E-03
-21.40000E-03,-2.18431469E+00,-1.21702E-03
-21.37500E-03,-2.17653573E+00,-1.46827E-03
-21.35000E-03,-2.17050556E+00,-2.92555E-03
-21.32500E-03,-2.16706843E+00,-1.87028E-03
-21.30000E-03,-2.16483725E+00,-1.21702E-03
-21.27500E-03,-2.16001315E+00,-1.41804E-03
-21.25000E-03,-2.15422418E+00,-2.47330E-03
-21.22500E-03,-2.15096796E+00,-1.21702E-03
-21.20000E-03,-2.14361112E+00,-2.07131E-03
-21.17500E-03,-2.14288753E+00,-2.47330E-03
-21.15000E-03,-2.13462623E+00,-3.27731E-03
-21.12500E-03,-2.13342015E+00,-2.47330E-03
-21.10000E-03,-2.12558101E+00,-2.47330E-03
-21.07500E-03,-2.11804332E+00,-1.21702E-03
-21.05000E-03,-2.11050563E+00,-2.47330E-03
-21.02500E-03,-2.10278701E+00,-1.76977E-03
-21.00000E-03,-2.10055582E+00,-1.21702E-03
-20.97500E-03,-2.09356089E+00,-2.47330E-03
-20.95000E-03,-2.08487749E+00,-1.21702E-03
-20.92500E-03,-2.07746039E+00,-1.21702E-03
-20.90000E-03,-2.07275683E+00,-2.47330E-03
-20.87500E-03,-2.06075689E+00,-1.21702E-03
-20.85000E-03,-2.05774181E+00,-2.47330E-03
-20.82500E-03,-2.05195282E+00,-1.56879E-03
-20.80000E-03,-2.04815383E+00,-2.47330E-03
-20.77500E-03,-2.04115890E+00,-2.47330E-03
-20.75000E-03,-2.03331972E+00,-2.47330E-03
-20.72500E-03,-2.02554082E+00,-1.66927E-03
-20.70000E-03,-2.01106841E+00,-2.47330E-03
-20.67500E-03,-2.00455582E+00,-2.47330E-03
-20.65000E-03,-1.99418401E+00,-2.47330E-03
-20.62500E-03,-1.98839503E+00,-2.47329E-03
-20.60000E-03,-1.97904826E+00,-2.47330E-03
-20.57500E-03,-1.97024428E+00,-2.47330E-03
-20.55000E-03,-1.96053580E+00,-1.82002E-03
-20.52500E-03,-1.95167144E+00,-2.47330E-03
-20.50000E-03,-1.94196285E+00,-2.47330E-03
-20.47500E-03,-1.93388245E+00,-2.42304E-03
-20.45000E-03,-1.92127943E+00,-2.47330E-03
-20.42500E-03,-1.90933977E+00,-2.47330E-03
-20.40000E-03,-1.89993272E+00,-2.47330E-03
-20.37500E-03,-1.89040504E+00,-1.21702E-03
-20.35000E-03,-1.87683729E+00,-1.21702E-03
-20.32500E-03,-1.87068652E+00,-1.31754E-03
-20.30000E-03,-1.86049555E+00,-1.21702E-03
-20.27500E-03,-1.84668654E+00,-1.51852E-03
-20.25000E-03,-1.83583223E+00,-1.21702E-03
-20.22500E-03,-1.82341014E+00,-1.76980E-03
-20.20000E-03,-1.81352071E+00,-2.12153E-03
-20.17500E-03,-1.79862625E+00,-2.47330E-03
-20.15000E-03,-1.79090764E+00,-2.47330E-03
-20.12500E-03,-1.77824427E+00,-2.22206E-03
-20.10000E-03,-1.76690759E+00,-1.21702E-03
-20.07500E-03,-1.75545038E+00,-1.21702E-03
-20.05000E-03,-1.74121915E+00,-2.07128E-03
-20.02500E-03,-1.72710861E+00,-1.21702E-03
-20.00000E-03,-1.71703830E+00,-1.21702E-03
-19.97500E-03,-1.70799307E+00,-161.73E-06
-19.95000E-03,-1.68984226E+00,-815.03E-06
-19.92500E-03,-1.67705838E+00,-563.74E-06
-19.90000E-03,-1.66608343E+00,-1.21702E-03
-19.87500E-03,-1.65372172E+00,-1.46829E-03
-19.85000E-03,-1.63701816E+00,-1.26729E-03
-19.82500E-03,-1.62525939E+00,-1.36776E-03
-19.80000E-03,-1.61301820E+00,-2.12156E-03
-19.77500E-03,-1.59926942E+00,-1.21702E-03
-19.75000E-03,-1.58286735E+00,-2.47330E-03
-19.72500E-03,-1.57014371E+00,-2.47330E-03
-19.70000E-03,-1.55561114E+00,-2.37279E-03
-19.67500E-03,-1.54113872E+00,-2.47330E-03
-19.65000E-03,-1.52250556E+00,-2.47330E-03
-19.62500E-03,-1.51231462E+00,-1.21702E-03
-19.60000E-03,-1.49627446E+00,-1.92052E-03
-19.57500E-03,-1.48493766E+00,-2.12153E-03
-19.55000E-03,-1.46509858E+00,-1.06625E-03
-19.52500E-03,-1.45333977E+00,-2.47330E-03
-19.50000E-03,-1.43784224E+00,-965.78E-06
-19.47500E-03,-1.42071661E+00,-1.21702E-03
-19.45000E-03,-1.40660606E+00,-613.99E-06
-19.42500E-03,-1.39195283E+00,-1.61905E-03
-19.40000E-03,-1.37536988E+00,-1.21702E-03
-19.37500E-03,-1.36125935E+00,-1.21704E-03
-19.35000E-03,-1.34413370E+00,-2.47330E-03
-19.32500E-03,-1.33050553E+00,-1.21702E-03
-19.30000E-03,-1.30994278E+00,-1.21702E-03
-19.27500E-03,-1.29547048E+00,-2.02103E-03
-19.25000E-03,-1.27955084E+00,-1.21702E-03
-19.22500E-03,-1.26152063E+00,-1.21702E-03
-19.20000E-03,-1.24668654E+00,-2.32257E-03
-19.17500E-03,-1.23094781E+00,-2.47330E-03
-19.15000E-03,-1.21213363E+00,-513.49E-06
-19.12500E-03,-1.19573173E+00,-1.71955E-03
-19.10000E-03,-1.17969144E+00,-1.51855E-03
-19.07500E-03,-1.16190256E+00,-2.47330E-03
-19.05000E-03,-1.14314877E+00,-2.37282E-03
-19.02500E-03,-1.13054575E+00,-2.47330E-03
-19.00000E-03,-1.11281713E+00,-2.47330E-03
-18.97500E-03,-1.09376190E+00,-2.47330E-03
-18.95000E-03,-1.07675692E+00,-3.37781E-03
-18.92500E-03,-1.05957095E+00,-2.47330E-03
-18.90000E-03,-1.04039500E+00,-2.52354E-03
-18.87500E-03,-1.02326937E+00,-3.47835E-03
-18.85000E-03,-1.01012366E+00,-2.47330E-03
-18.82500E-03,-986.00304E-03,-1.82006E-03
-18.80000E-03,-970.86738E-03,-2.87533E-03
-18.77500E-03,-953.50055E-03,-2.47330E-03
-18.75000E-03,-930.10361E-03,-2.47330E-03
-18.72500E-03,-912.73673E-03,-2.27232E-03
-18.70000E-03,-895.30952E-03,-2.47330E-03
-18.67500E-03,-879.45025E-03,-3.12659E-03
-18.65000E-03,-860.63623E-03,-2.92558E-03
-18.62500E-03,-841.76185E-03,-2.47330E-03
-18.60000E-03,-825.78191E-03,-3.67931E-03
-18.57500E-03,-808.17396E-03,-2.47330E-03
-18.55000E-03,-788.99799E-03,-2.47330E-03
-18.52500E-03,-766.26437E-03,-1.76977E-03
-18.50000E-03,-753.42015E-03,-2.47330E-03
-18.47500E-03,-729.23929E-03,-2.47330E-03
-18.45000E-03,-712.53570E-03,-1.31755E-03
-18.42500E-03,-695.04834E-03,-1.21702E-03
-18.40000E-03,-672.61608E-03,-1.51851E-03
-18.37500E-03,-654.22412E-03,-1.71951E-03
-18.35000E-03,-636.31464E-03,-1.76981E-03
-18.32500E-03,-616.77693E-03,-1.21702E-03
-18.30000E-03,-600.55577E-03,-1.21702E-03
-18.27500E-03,-582.04326E-03,-2.47330E-03
-18.25000E-03,-562.86741E-03,-1.46826E-03
-18.22500E-03,-541.27944E-03,-2.47330E-03
-18.20000E-03,-523.24922E-03,-2.47330E-03
-18.17500E-03,-506.00311E-03,-2.47330E-03
-18.15000E-03,-486.16386E-03,-2.47330E-03
-18.12500E-03,-467.28949E-03,-2.47330E-03
-18.10000E-03,-445.40004E-03,-2.47330E-03
-18.07500E-03,-427.00806E-03,-1.61901E-03
-18.05000E-03,-403.06833E-03,-1.87031E-03
-18.02500E-03,-387.26939E-03,-2.02102E-03
-18.00000E-03,-368.99796E-03,-2.22203E-03
-17.97500E-03,-349.46032E-03,-1.21702E-03
-17.95000E-03,-329.50049E-03,-1.06629E-03
-17.92500E-03,-308.93763E-03,-1.21702E-03
-17.90000E-03,-290.54575E-03,-1.92056E-03
-17.87500E-03,-272.51562E-03,-2.47330E-03
-17.85000E-03,-250.98801E-03,-1.21702E-03
-17.82500E-03,-233.37997E-03,-2.47330E-03
-17.80000E-03,-217.03831E-03,-2.47330E-03
-17.77500E-03,-194.42525E-03,-2.47330E-03
-17.75000E-03,-172.71660E-03,-2.47330E-03
-17.72500E-03,-153.60094E-03,-3.17680E-03
-17.70000E-03,-132.01305E-03,-2.47330E-03
-17.67500E-03,-115.49050E-03,-1.36780E-03
-17.65000E-03,-93.60105E-03,-2.47330E-03
-17.62500E-03,-77.13865E-03,-2.47330E-03
-17.60000E-03,-57.23932E-03,-2.02107E-03
-17.57500E-03,-35.41015E-03,-2.47330E-03
-17.55000E-03,-18.04334E-03,-1.61906E-03
-17.52500E-03,+4.02712E-03,-1.41805E-03
-17.50000E-03,+21.15275E-03,-2.47328E-03
-17.47500E-03,+40.02709E-03,-1.21702E-03
-17.45000E-03,+61.43416E-03,-2.07132E-03
-17.42500E-03,+80.06732E-03,-1.21702E-03
-17.40000E-03,+96.22815E-03,-1.66931E-03
-17.37500E-03,+119.14273E-03,-1.21702E-03
-17.35000E-03,+138.80091E-03,-2.47330E-03
-17.32500E-03,+163.10258E-03,-2.32257E-03
-17.30000E-03,+178.17785E-03,-1.21702E-03
-17.27500E-03,+197.89647E-03,-2.47330E-03
-17.25000E-03,+219.54471E-03,-1.71956E-03
-17.22500E-03,+239.32358E-03,-1.21702E-03
-17.20000E-03,+255.42414E-03,-1.11650E-03
-17.17500E-03,+277.43404E-03,-1.21702E-03
-17.15000E-03,+296.30847E-03,-1.21702E-03
-17.12500E-03,+318.74069E-03,-1.97082E-03
-17.10000E-03,+336.71051E-03,-2.47330E-03
-17.07500E-03,+358.17782E-03,-1.56881E-03
-17.05000E-03,+380.30847E-03,-1.36780E-03
-17.02500E-03,+397.67542E-03,-1.26725E-03
-17.00000E-03,+413.71554E-03,-1.21702E-03
-16.97500E-03,+436.56984E-03,-1.21702E-03
-16.95000E-03,+454.47936E-03,-1.21702E-03
-16.92500E-03,+472.81107E-03,-1.61906E-03
-16.90000E-03,+496.75071E-03,-1.21702E-03
-16.87500E-03,+512.61004E-03,-2.47330E-03
-16.85000E-03,+534.01711E-03,-1.41800E-03
-16.82500E-03,+552.89145E-03,-1.21702E-03
-16.80000E-03,+570.74066E-03,-1.82001E-03
-16.77500E-03,+594.01695E-03,-2.02102E-03
-16.75000E-03,+609.39387E-03,-2.22202E-03
-16.72500E-03,+625.97691E-03,-2.47330E-03
-16.70000E-03,+649.61497E-03,-2.32258E-03
-16.67500E-03,+665.95668E-03,-1.21702E-03
-16.65000E-03,+683.14264E-03,-1.76976E-03
-16.62500E-03,+704.36880E-03,-1.21702E-03
-16.60000E-03,+723.24318E-03,-1.51856E-03
-16.57500E-03,+740.97191E-03,-2.37278E-03
-16.55000E-03,+762.37889E-03,-2.47330E-03
-16.52500E-03,+777.57477E-03,-1.21702E-03
-16.50000E-03,+800.24820E-03,-714.54E-06
-16.47500E-03,+813.75577E-03,-513.53E-06
-16.45000E-03,+831.96679E-03,+742.83E-06
-16.42500E-03,+852.16777E-03,+5.06438E-03
-16.40000E-03,+868.14773E-03,+11.19512E-03
-16.37500E-03,+880.75075E-03,+16.87351E-03
-16.35000E-03,+895.28347E-03,+25.86851E-03
-16.32500E-03,+909.75574E-03,+34.51170E-03
-16.30000E-03,+919.58489E-03,+42.30062E-03
-16.27500E-03,+935.44418E-03,+54.66245E-03
-16.25000E-03,+946.78083E-03,+64.10961E-03
-16.22500E-03,+958.84107E-03,+71.64730E-03
-16.20000E-03,+974.51962E-03,+83.85846E-03
-16.17500E-03,+984.52958E-03,+94.91366E-03
-16.15000E-03,+995.14268E-03,+102.35092E-03
-16.12500E-03,+1.00828844E+00,+116.37100E-03
-16.10000E-03,+1.02077078E+00,+125.76796E-03
-16.07500E-03,+1.03084114E+00,+134.15992E-03
-16.05000E-03,+1.04501202E+00,+148.48155E-03
-16.02500E-03,+1.05568542E+00,+158.63233E-03
-16.00000E-03,+1.06617785E+00,+166.62228E-03
-15.97500E-03,+1.07449946E+00,+174.31070E-03
-15.95000E-03,+1.08873058E+00,+186.27050E-03
-15.92500E-03,+1.10018790E+00,+196.97401E-03
-15.90000E-03,+1.11116281E+00,+208.33085E-03
-15.87500E-03,+1.12255970E+00,+217.37594E-03
-15.85000E-03,+1.13220790E+00,+227.42619E-03
-15.82500E-03,+1.14167527E+00,+236.57195E-03
-15.80000E-03,+1.15385625E+00,+247.97904E-03
-15.77500E-03,+1.16229839E+00,+256.22022E-03
-15.75000E-03,+1.17381601E+00,+266.87351E-03
-15.72500E-03,+1.18690144E+00,+279.28554E-03
-15.70000E-03,+1.19624814E+00,+288.33074E-03
-15.67500E-03,+1.20607725E+00,+297.77795E-03
-15.65000E-03,+1.21687125E+00,+308.02923E-03
-15.62500E-03,+1.22718281E+00,+319.13473E-03
-15.60000E-03,+1.23851956E+00,+328.18010E-03
-15.57500E-03,+1.24334372E+00,+335.11475E-03
-15.55000E-03,+1.25516278E+00,+345.56695E-03
-15.52500E-03,+1.26499193E+00,+353.60721E-03
-15.50000E-03,+1.27391644E+00,+362.09959E-03
-15.47500E-03,+1.28465022E+00,+372.09967E-03
-15.45000E-03,+1.29466023E+00,+382.90364E-03
-15.42500E-03,+1.30581605E+00,+392.55188E-03
-15.40000E-03,+1.31244914E+00,+400.94384E-03
-15.37500E-03,+1.32487129E+00,+411.84836E-03
-15.35000E-03,+1.33234857E+00,+419.33571E-03
-15.32500E-03,+1.34048938E+00,+427.27546E-03
-15.30000E-03,+1.34778579E+00,+433.45634E-03
-15.27500E-03,+1.35984609E+00,+445.71768E-03
-15.25000E-03,+1.36768536E+00,+453.05436E-03
-15.22500E-03,+1.37624817E+00,+460.94384E-03
-15.20000E-03,+1.38547423E+00,+468.63222E-03
-15.17500E-03,+1.39886113E+00,+481.19503E-03
-15.15000E-03,+1.40205715E+00,+486.22016E-03
-15.12500E-03,+1.41110237E+00,+493.75785E-03
-15.10000E-03,+1.41658985E+00,+500.84330E-03
-15.07500E-03,+1.42985625E+00,+511.24541E-03
-15.05000E-03,+1.43673051E+00,+521.39604E-03
-15.02500E-03,+1.44450944E+00,+527.87848E-03
-15.00000E-03,+1.45482093E+00,+536.47138E-03
-14.97500E-03,+1.46314268E+00,+545.71777E-03
-14.95000E-03,+1.46989634E+00,+552.80307E-03
-14.92500E-03,+1.47677082E+00,+558.53181E-03
-14.90000E-03,+1.48647926E+00,+567.07446E-03
-14.87500E-03,+1.49250941E+00,+572.65229E-03
-14.85000E-03,+1.50155463E+00,+581.69754E-03
-14.82500E-03,+1.50740392E+00,+587.82823E-03
-14.80000E-03,+1.51427833E+00,+594.81318E-03
-14.77500E-03,+1.52199688E+00,+603.20514E-03
-14.75000E-03,+1.53049947E+00,+610.84337E-03
-14.72500E-03,+1.53960492E+00,+619.68753E-03
-14.70000E-03,+1.54527322E+00,+624.51165E-03
-14.67500E-03,+1.55118281E+00,+629.43624E-03
-14.65000E-03,+1.55697176E+00,+635.71764E-03
-14.62500E-03,+1.56366526E+00,+643.00417E-03
-14.60000E-03,+1.57258973E+00,+652.04930E-03
-14.57500E-03,+1.57650937E+00,+656.72264E-03
-14.55000E-03,+1.58030848E+00,+659.88856E-03
-14.52500E-03,+1.58591648E+00,+664.56190E-03
-14.50000E-03,+1.59170542E+00,+671.64736E-03
-14.47500E-03,+1.59791656E+00,+676.62230E-03
-14.45000E-03,+1.60557473E+00,+684.10957E-03
-14.42500E-03,+1.61112243E+00,+689.73774E-03
-14.40000E-03,+1.61588625E+00,+695.81811E-03
-14.37500E-03,+1.62065011E+00,+699.78800E-03
-14.35000E-03,+1.62668026E+00,+706.06940E-03
-14.32500E-03,+1.63427837E+00,+712.40116E-03
-14.30000E-03,+1.63807736E+00,+716.77295E-03
-14.27500E-03,+1.64326317E+00,+721.59707E-03
-14.25000E-03,+1.64778579E+00,+727.42619E-03
-14.22500E-03,+1.65375560E+00,+732.40103E-03
-14.20000E-03,+1.65984609E+00,+738.58200E-03
-14.17500E-03,+1.66177570E+00,+740.34072E-03
-14.15000E-03,+1.66539395E+00,+744.05949E-03
-14.12500E-03,+1.67281087E+00,+750.79299E-03
-14.10000E-03,+1.67449948E+00,+753.45644E-03
-14.07500E-03,+1.67805718E+00,+756.42119E-03
-14.05000E-03,+1.68384613E+00,+762.60206E-03
-14.02500E-03,+1.68812754E+00,+766.67238E-03
-14.00000E-03,+1.69120299E+00,+769.13480E-03
-13.97500E-03,+1.69451945E+00,+772.65232E-03
-13.95000E-03,+1.70163499E+00,+778.93372E-03
-13.92500E-03,+1.70639881E+00,+783.95885E-03
-13.90000E-03,+1.70796677E+00,+787.57704E-03
-13.87500E-03,+1.70959483E+00,+788.73275E-03
-13.85000E-03,+1.71466012E+00,+794.00910E-03
-13.82500E-03,+1.71490132E+00,+794.00910E-03
-13.80000E-03,+1.72014759E+00,+797.32575E-03
-13.77500E-03,+1.72316267E+00,+800.29051E-03
-13.75000E-03,+1.72617775E+00,+805.31563E-03
-13.72500E-03,+1.72491137E+00,+804.05935E-03
-13.70000E-03,+1.73220790E+00,+810.34076E-03
-13.67500E-03,+1.73142393E+00,+810.34076E-03
-13.65000E-03,+1.73769529E+00,+815.36588E-03
-13.62500E-03,+1.74065023E+00,+818.63232E-03
-13.60000E-03,+1.74426820E+00,+821.64729E-03
-13.57500E-03,+1.74294152E+00,+820.39101E-03
-13.55000E-03,+1.74728327E+00,+826.32069E-03
-13.52500E-03,+1.74794655E+00,+825.41613E-03
-13.50000E-03,+1.74818775E+00,+825.41613E-03
-13.47500E-03,+1.74987637E+00,+826.62231E-03
-13.45000E-03,+1.75470032E+00,+831.59700E-03
-13.42500E-03,+1.75331342E+00,+830.54173E-03
-13.40000E-03,+1.75482096E+00,+832.65235E-03
-13.37500E-03,+1.75391640E+00,+832.20002E-03
-13.35000E-03,+1.75868021E+00,+836.72267E-03
-13.32500E-03,+1.75783604E+00,+836.72267E-03
-13.30000E-03,+1.75916263E+00,+836.72267E-03
-13.27500E-03,+1.75928332E+00,+837.92873E-03
-13.25000E-03,+1.75783604E+00,+835.46639E-03
-13.22500E-03,+1.75741384E+00,+835.91861E-03
-13.20000E-03,+1.75705216E+00,+835.46639E-03
-13.17500E-03,+1.75831849E+00,+835.46639E-03
-13.15000E-03,+1.75910232E+00,+836.52163E-03
-13.12500E-03,+1.75783604E+00,+835.46639E-03
-13.10000E-03,+1.75783604E+00,+835.46639E-03
-13.07500E-03,+1.75886121E+00,+834.61208E-03
-13.05000E-03,+1.75934357E+00,+835.46639E-03
-13.02500E-03,+1.75783604E+00,+835.46639E-03
-13.00000E-03,+1.75783604E+00,+835.46639E-03
-12.97500E-03,+1.75638884E+00,+835.46639E-03
-12.95000E-03,+1.75934357E+00,+836.57195E-03
-12.92500E-03,+1.75289136E+00,+830.44126E-03
-12.90000E-03,+1.75096162E+00,+830.44126E-03
-12.87500E-03,+1.75180589E+00,+830.44126E-03
-12.85000E-03,+1.75180589E+00,+830.44126E-03
-12.82500E-03,+1.75005705E+00,+827.62708E-03
-12.80000E-03,+1.74716271E+00,+825.41613E-03
-12.77500E-03,+1.74692151E+00,+823.20504E-03
-12.75000E-03,+1.74577574E+00,+824.15985E-03
-12.72500E-03,+1.74125312E+00,+819.13473E-03
-12.70000E-03,+1.74233850E+00,+819.48652E-03
-12.67500E-03,+1.74107217E+00,+820.08943E-03
-12.65000E-03,+1.73667025E+00,+814.10960E-03
-12.62500E-03,+1.73070036E+00,+807.82819E-03
-12.60000E-03,+1.73070036E+00,+809.08448E-03
-12.57500E-03,+1.72394654E+00,+803.45630E-03
-12.55000E-03,+1.72617775E+00,+804.05935E-03
-12.52500E-03,+1.72014759E+00,+798.83318E-03
-12.50000E-03,+1.72014759E+00,+799.03419E-03
-12.47500E-03,+1.71435860E+00,+791.89847E-03
-12.45000E-03,+1.71411744E+00,+791.89851E-03
-12.42500E-03,+1.70808729E+00,+787.12472E-03
-12.40000E-03,+1.70645901E+00,+785.91849E-03
-12.37500E-03,+1.70477066E+00,+781.44629E-03
-12.35000E-03,+1.69759488E+00,+775.21517E-03
-12.32500E-03,+1.69301192E+00,+771.39603E-03
-12.30000E-03,+1.68867002E+00,+765.61694E-03
-12.27500E-03,+1.68547423E+00,+765.81818E-03
-12.25000E-03,+1.68155468E+00,+760.08950E-03
-12.22500E-03,+1.67721283E+00,+756.97385E-03
-12.20000E-03,+1.67618770E+00,+753.60701E-03
-12.17500E-03,+1.67039885E+00,+748.68251E-03
-12.15000E-03,+1.66243891E+00,+740.59194E-03
-12.12500E-03,+1.65924312E+00,+738.73272E-03
-12.10000E-03,+1.65683101E+00,+734.96387E-03
-12.07500E-03,+1.65122302E+00,+729.93875E-03
-12.05000E-03,+1.64627825E+00,+726.16990E-03
-12.02500E-03,+1.64187614E+00,+720.08934E-03
-12.00000E-03,+1.63542378E+00,+716.11945E-03
-11.97500E-03,+1.63283087E+00,+711.99897E-03
-11.95000E-03,+1.62444905E+00,+702.95378E-03
-11.92500E-03,+1.61914257E+00,+698.53171E-03
-11.90000E-03,+1.61461996E+00,+693.70763E-03
-11.87500E-03,+1.60708227E+00,+688.48142E-03
-11.85000E-03,+1.60382604E+00,+683.45634E-03
-11.82500E-03,+1.59598669E+00,+676.72259E-03
-11.80000E-03,+1.59188609E+00,+670.18988E-03
-11.77500E-03,+1.58392644E+00,+663.70751E-03
-11.75000E-03,+1.57662996E+00,+656.82313E-03
-11.72500E-03,+1.57391644E+00,+654.56186E-03
-11.70000E-03,+1.56939383E+00,+649.53674E-03
-11.67500E-03,+1.56010725E+00,+640.89336E-03
-11.65000E-03,+1.55347418E+00,+634.31053E-03
-11.62500E-03,+1.54678076E+00,+628.17996E-03
-11.60000E-03,+1.54075061E+00,+621.89855E-03
-11.57500E-03,+1.53586604E+00,+616.67234E-03
-11.55000E-03,+1.53007729E+00,+611.74784E-03
-11.52500E-03,+1.51849931E+00,+599.58695E-03
-11.50000E-03,+1.51029825E+00,+590.49131E-03
-11.47500E-03,+1.50257961E+00,+585.61706E-03
-11.45000E-03,+1.49660986E+00,+580.44126E-03
-11.42500E-03,+1.48533363E+00,+570.54181E-03
-11.40000E-03,+1.48189639E+00,+565.36589E-03
-11.37500E-03,+1.47381579E+00,+556.32049E-03
-11.35000E-03,+1.46386619E+00,+549.03423E-03
-11.32500E-03,+1.45868011E+00,+544.05927E-03
-11.30000E-03,+1.44830835E+00,+533.55680E-03
-11.27500E-03,+1.44179564E+00,+526.87325E-03
-11.25000E-03,+1.43220790E+00,+518.88343E-03
-11.22500E-03,+1.42515252E+00,+511.54675E-03
-11.20000E-03,+1.41610735E+00,+501.69750E-03
-11.17500E-03,+1.40730333E+00,+493.10454E-03
-11.15000E-03,+1.40097162E+00,+487.37581E-03
-11.12500E-03,+1.39271036E+00,+478.43117E-03
-11.10000E-03,+1.38089127E+00,+468.53163E-03
-11.07500E-03,+1.37359478E+00,+459.98896E-03
-11.05000E-03,+1.36370528E+00,+451.74771E-03
-11.02500E-03,+1.35514247E+00,+443.20491E-03
-11.00000E-03,+1.34537352E+00,+433.95868E-03
-10.97500E-03,+1.33614744E+00,+425.01400E-03
-10.95000E-03,+1.32668026E+00,+415.86840E-03
-10.92500E-03,+1.31926312E+00,+409.58699E-03
-10.90000E-03,+1.30895157E+00,+398.88339E-03
-10.87500E-03,+1.30014755E+00,+389.23515E-03
-10.85000E-03,+1.28983599E+00,+379.98905E-03
-10.82500E-03,+1.28127302E+00,+372.30030E-03
-10.80000E-03,+1.27053945E+00,+362.80299E-03
-10.77500E-03,+1.25896156E+00,+353.10454E-03
-10.75000E-03,+1.24979584E+00,+343.25529E-03
-10.72500E-03,+1.23731332E+00,+330.54164E-03
-10.70000E-03,+1.23176558E+00,+324.21002E-03
-10.67500E-03,+1.22067016E+00,+314.10961E-03
-10.65000E-03,+1.21240864E+00,+307.02400E-03
-10.62500E-03,+1.19853951E+00,+292.75278E-03
-10.60000E-03,+1.18997664E+00,+284.36077E-03
-10.57500E-03,+1.18087100E+00,+274.26018E-03
-10.55000E-03,+1.16911237E+00,+263.80801E-03
-10.52500E-03,+1.15922282E+00,+254.15977E-03
-10.50000E-03,+1.14848926E+00,+244.76283E-03
-10.47500E-03,+1.13679087E+00,+233.65730E-03
-10.45000E-03,+1.12672030E+00,+223.00390E-03
-10.42500E-03,+1.11646910E+00,+214.31052E-03
-10.40000E-03,+1.10706201E+00,+203.95872E-03
-10.37500E-03,+1.09240885E+00,+193.00404E-03
-10.35000E-03,+1.08245916E+00,+182.50161E-03
-10.32500E-03,+1.06991623E+00,+171.74762E-03
-10.30000E-03,+1.06424816E+00,+165.86840E-03
-10.27500E-03,+1.05001684E+00,+153.90851E-03
-10.25000E-03,+1.03934353E+00,+144.51162E-03
-10.22500E-03,+1.02469015E+00,+132.80294E-03
-10.20000E-03,+1.01443884E+00,+124.61198E-03
-10.17500E-03,+1.00237870E+00,+112.95378E-03
-10.15000E-03,+989.05207E-03,+101.79805E-03
-10.12500E-03,+978.74051E-03,+91.99901E-03
-10.10000E-03,+969.39383E-03,+83.40605E-03
-10.07500E-03,+953.65497E-03,+70.49134E-03
-10.05000E-03,+940.81075E-03,+60.79293E-03
-10.02500E-03,+927.42404E-03,+50.29051E-03
-10.00000E-03,+915.12231E-03,+40.24012E-03
-9.97500E-03,+900.77055E-03,+30.59193E-03
-9.95000E-03,+887.92633E-03,+22.19997E-03
-9.92500E-03,+872.91142E-03,+13.85835E-03
-9.90000E-03,+859.22281E-03,+7.12464E-03
-9.87500E-03,+845.77546E-03,+1.04424E-03
-9.85000E-03,+824.67022E-03,-2.52360E-03
-9.82500E-03,+809.77569E-03,-3.72959E-03
-9.80000E-03,+792.77055E-03,-4.98587E-03
-9.77500E-03,+771.54436E-03,-4.98587E-03
-9.75000E-03,+755.62488E-03,-4.98587E-03
-9.72500E-03,+733.13236E-03,-4.98587E-03
-9.70000E-03,+717.39372E-03,-4.98587E-03
-9.67500E-03,+698.39869E-03,-3.72959E-03
-9.65000E-03,+679.88607E-03,-4.68441E-03
-9.62500E-03,+659.74537E-03,-3.72959E-03
-9.60000E-03,+643.28311E-03,-3.72959E-03
-9.57500E-03,+622.05687E-03,-4.98587E-03
-9.55000E-03,+605.35341E-03,-3.72959E-03
-9.52500E-03,+583.76541E-03,-3.72959E-03
-9.50000E-03,+562.05693E-03,-3.72959E-03
-9.47500E-03,+543.42376E-03,-4.98587E-03
-9.45000E-03,+524.73041E-03,-4.33265E-03
-9.42500E-03,+505.13236E-03,-4.98587E-03
-9.40000E-03,+484.75045E-03,-4.98587E-03
-9.37500E-03,+464.36860E-03,-4.98587E-03
-9.35000E-03,+445.97646E-03,-3.72959E-03
-9.32500E-03,+430.11723E-03,-3.72959E-03
-9.30000E-03,+406.23789E-03,-4.98587E-03
-9.27500E-03,+387.36351E-03,-4.18190E-03
-9.25000E-03,+371.80549E-03,-4.98587E-03
-9.22500E-03,+349.55441E-03,-4.98587E-03
-9.20000E-03,+332.24794E-03,-4.98587E-03
-9.17500E-03,+313.37356E-03,-4.43301E-03
-9.15000E-03,+290.15760E-03,-4.43315E-03
-9.12500E-03,+273.51421E-03,-3.72959E-03
-9.10000E-03,+249.21276E-03,-4.98587E-03
-9.07500E-03,+229.07217E-03,-4.98587E-03
-9.05000E-03,+213.09210E-03,-2.57376E-03
-9.02500E-03,+190.29807E-03,-3.72959E-03
-9.00000E-03,+172.20773E-03,-3.72959E-03
-8.97500E-03,+153.51415E-03,-4.98587E-03
-8.95000E-03,+131.44392E-03,-4.08139E-03
-8.92500E-03,+114.07708E-03,-4.83506E-03
-8.90000E-03,+90.86082E-03,-3.77979E-03
-8.87500E-03,+75.12255E-03,-3.72959E-03
-8.85000E-03,+55.40377E-03,-3.27737E-03
-8.82500E-03,+31.88595E-03,-3.12652E-03
-8.80000E-03,+13.19260E-03,-3.72959E-03
-8.77500E-03,-5.19930E-03,-4.78481E-03
-8.75000E-03,-24.07367E-03,-3.72959E-03
-8.72500E-03,-42.46575E-03,-3.72959E-03
-8.70000E-03,-62.90809E-03,-4.13155E-03
-8.67500E-03,-80.57594E-03,-4.33255E-03
-8.65000E-03,-99.57116E-03,-3.72959E-03
-8.62500E-03,-122.36501E-03,-4.73456E-03
-8.60000E-03,-138.88780E-03,-2.47330E-03
-8.57500E-03,-158.84766E-03,-3.57888E-03
-8.55000E-03,-182.18429E-03,-3.72959E-03
-8.52500E-03,-199.30992E-03,-2.47330E-03
-8.50000E-03,-218.84785E-03,-2.97587E-03
-8.47500E-03,-238.08379E-03,-3.42803E-03
-8.45000E-03,-256.59629E-03,-3.72959E-03
-8.42500E-03,-276.97820E-03,-2.57376E-03
-8.40000E-03,-297.72185E-03,-4.03104E-03
-8.37500E-03,-313.52073E-03,-2.47330E-03
-8.35000E-03,-338.30471E-03,-2.47330E-03
-8.32500E-03,-356.33510E-03,-2.82511E-03
-8.30000E-03,-376.59653E-03,-3.72959E-03
-8.27500E-03,-393.23950E-03,-2.47330E-03
-8.25000E-03,-414.82751E-03,-3.72959E-03
-8.22500E-03,-435.51086E-03,-3.72959E-03
-8.20000E-03,-455.04874E-03,-3.72959E-03
-8.17500E-03,-471.26959E-03,-3.32752E-03
-8.15000E-03,-492.85778E-03,-3.72959E-03
-8.12500E-03,-511.00841E-03,-2.47336E-03
-8.10000E-03,-530.18454E-03,-3.52863E-03
-8.07500E-03,-549.78228E-03,-2.47330E-03
-8.05000E-03,-567.69189E-03,-3.12662E-03
-8.02500E-03,-587.16940E-03,-2.92562E-03
-8.00000E-03,-608.09371E-03,-3.47828E-03
-7.97500E-03,-627.08856E-03,-3.72959E-03
-7.95000E-03,-645.78234E-03,-3.72959E-03
-7.92500E-03,-663.08881E-03,-1.56873E-03
-7.90000E-03,-680.03341E-03,-3.72959E-03
-7.87500E-03,-700.35515E-03,-3.22702E-03
-7.85000E-03,-716.33511E-03,-3.72959E-03
-7.82500E-03,-737.50081E-03,-2.57386E-03
-7.80000E-03,-759.51080E-03,-3.72959E-03
-7.77500E-03,-776.75709E-03,-3.42813E-03
-7.75000E-03,-796.23474E-03,-3.72959E-03
-7.72500E-03,-816.67675E-03,-3.72959E-03
-7.70000E-03,-830.78731E-03,-3.72959E-03
-7.67500E-03,-848.45584E-03,-3.88039E-03
-7.65000E-03,-869.56118E-03,-3.72959E-03
-7.62500E-03,-888.49579E-03,-3.47838E-03
-7.60000E-03,-902.42531E-03,-3.27738E-03
-7.57500E-03,-920.21438E-03,-2.47330E-03
-7.55000E-03,-940.59629E-03,-2.47330E-03
-7.52500E-03,-962.00320E-03,-3.72959E-03
-7.50000E-03,-976.83743E-03,-3.72953E-03
-7.47500E-03,-996.49598E-03,-2.67425E-03
-7.45000E-03,-1.01356105E+00,-3.72959E-03
-7.42500E-03,-1.03267663E+00,-3.72959E-03
-7.40000E-03,-1.04986269E+00,-2.47330E-03
-7.37500E-03,-1.06668674E+00,-2.97593E-03
-7.35000E-03,-1.08538001E+00,-2.52361E-03
-7.32500E-03,-1.10142041E+00,-3.72959E-03
-7.30000E-03,-1.11902865E+00,-3.72959E-03
-7.27500E-03,-1.13446551E+00,-3.02601E-03
-7.25000E-03,-1.15201338E+00,-1.97074E-03
-7.22500E-03,-1.16636513E+00,-1.21702E-03
-7.20000E-03,-1.18650571E+00,-2.47330E-03
-7.17500E-03,-1.19971180E+00,-1.21702E-03
-7.15000E-03,-1.21502825E+00,-1.51848E-03
-7.12500E-03,-1.23673706E+00,-2.47330E-03
-7.10000E-03,-1.25066684E+00,-2.47330E-03
-7.07500E-03,-1.26646570E+00,-2.47330E-03
-7.05000E-03,-1.28720909E+00,-1.36783E-03
-7.02500E-03,-1.30071696E+00,-2.42311E-03
-7.00000E-03,-1.31784259E+00,-2.47330E-03
-6.97500E-03,-1.33454597E+00,-2.47330E-03
-6.95000E-03,-1.34986262E+00,-3.12651E-03
-6.92500E-03,-1.36318932E+00,-2.47330E-03
-6.90000E-03,-1.37802370E+00,-2.47330E-03
-6.87500E-03,-1.40045539E+00,-2.47330E-03
-6.85000E-03,-1.41052587E+00,-2.47330E-03
-6.82500E-03,-1.42355080E+00,-2.47330E-03
-6.80000E-03,-1.44278731E+00,-2.47330E-03
-6.77500E-03,-1.45731984E+00,-1.66934E-03
-6.75000E-03,-1.47281720E+00,-1.46834E-03
-6.72500E-03,-1.48807368E+00,-3.67928E-03
-6.70000E-03,-1.50544051E+00,-2.47330E-03
-6.67500E-03,-1.51569170E+00,-1.56872E-03
-6.65000E-03,-1.53010363E+00,-2.47330E-03
-6.62500E-03,-1.54940025E+00,-1.97073E-03
-6.60000E-03,-1.56176192E+00,-1.21702E-03
-6.57500E-03,-1.57557110E+00,-2.47330E-03
-6.55000E-03,-1.58588252E+00,-2.47330E-03
-6.52500E-03,-1.60397297E+00,-2.47330E-03
-6.50000E-03,-1.61663656E+00,-3.22713E-03
-6.47500E-03,-1.63225465E+00,-2.47330E-03
-6.45000E-03,-1.64576185E+00,-2.47330E-03
-6.42500E-03,-1.65993284E+00,-2.47330E-03
-6.40000E-03,-1.67458631E+00,-3.67939E-03
-6.37500E-03,-1.68357103E+00,-1.21702E-03
-6.35000E-03,-1.69623462E+00,-2.47330E-03
-6.32500E-03,-1.70938028E+00,-1.87023E-03
-6.30000E-03,-1.72457599E+00,-1.61909E-03
-6.27500E-03,-1.73307878E+00,-1.21702E-03
-6.25000E-03,-1.74869659E+00,-1.21708E-03
-6.22500E-03,-1.76129988E+00,-2.27236E-03
-6.20000E-03,-1.77233485E+00,-1.61897E-03
-6.17500E-03,-1.78119931E+00,-2.47330E-03
-6.15000E-03,-1.79350075E+00,-1.66934E-03
-6.12500E-03,-1.80537987E+00,-2.72462E-03
-6.10000E-03,-1.82105840E+00,-2.47330E-03
-6.07500E-03,-1.82859609E+00,-2.47330E-03
-6.05000E-03,-1.84306880E+00,-2.47330E-03
-6.02500E-03,-1.85006370E+00,-1.76973E-03
-6.00000E-03,-1.86568179E+00,-1.71959E-03
-5.97500E-03,-1.87532975E+00,-2.47330E-03
-5.95000E-03,-1.88298812E+00,-2.47330E-03
-5.92500E-03,-1.89191267E+00,-1.31747E-03
-5.90000E-03,-1.90367182E+00,-1.51847E-03
-5.87500E-03,-1.91362149E+00,-2.47330E-03
-5.85000E-03,-1.92423435E+00,-1.21702E-03
-5.82500E-03,-1.93430491E+00,-1.56884E-03
-5.80000E-03,-1.94238531E+00,-1.51865E-03
-5.77500E-03,-1.95354102E+00,-1.26721E-03
-5.75000E-03,-1.96246586E+00,-1.46822E-03
-5.72500E-03,-1.97265667E+00,-3.27738E-03
-5.70000E-03,-1.98013370E+00,-1.21702E-03
-5.67500E-03,-1.98936005E+00,-1.21702E-03
-5.65000E-03,-1.99689788E+00,-1.21702E-03
-5.62500E-03,-2.00497814E+00,-1.21702E-03
-5.60000E-03,-2.01251568E+00,-1.21702E-03
-5.57500E-03,-2.02909860E+00,-2.07135E-03
-5.55000E-03,-2.03518919E+00,-1.81998E-03
-5.52500E-03,-2.04224447E+00,-2.02098E-03
-5.50000E-03,-2.04688783E+00,-2.22199E-03
-5.47500E-03,-2.05352107E+00,-1.21702E-03
-5.45000E-03,-2.06208359E+00,-2.47330E-03
-5.42500E-03,-2.06527950E+00,-2.47330E-03
-5.40000E-03,-2.07535007E+00,-2.47330E-03
-5.37500E-03,-2.08095796E+00,-2.47330E-03
-5.35000E-03,-2.08903822E+00,-3.42802E-03
-5.32500E-03,-2.09832465E+00,-2.57387E-03
-5.30000E-03,-2.10399336E+00,-3.62914E-03
-5.27500E-03,-2.10598302E+00,-2.47330E-03
-5.25000E-03,-2.11291776E+00,-2.47330E-03
-5.22500E-03,-2.11937010E+00,-2.47330E-03
-5.20000E-03,-2.12859608E+00,-2.12148E-03
-5.17500E-03,-2.13082753E+00,-2.62412E-03
-5.15000E-03,-2.13902839E+00,-2.52349E-03
-5.12500E-03,-2.14487756E+00,-1.46822E-03
-5.10000E-03,-2.14463636E+00,-2.47330E-03
-5.07500E-03,-2.15271669E+00,-1.82010E-03
-5.05000E-03,-2.15561160E+00,-1.21702E-03
-5.02500E-03,-2.16176191E+00,-2.27224E-03
-5.00000E-03,-2.16176228E+00,-1.21708E-03
-4.97500E-03,-2.16929960E+00,-2.27236E-03
-4.95000E-03,-2.17135000E+00,-2.47330E-03
-4.92500E-03,-2.17762128E+00,-1.81998E-03
-4.90000E-03,-2.18630448E+00,-2.02098E-03
-4.87500E-03,-2.18558093E+00,-2.47330E-03
-4.85000E-03,-2.18889759E+00,-2.47330E-03
-4.82500E-03,-2.18889759E+00,-1.21702E-03
-4.80000E-03,-2.18847555E+00,-1.21702E-03
-4.77500E-03,-2.19643528E+00,-1.21702E-03
-4.75000E-03,-2.19583219E+00,-1.21702E-03
-4.72500E-03,-2.19643528E+00,-1.21702E-03
-4.70000E-03,-2.20397297E+00,-1.31759E-03
-4.67500E-03,-2.20385244E+00,-61.18E-06
-4.65000E-03,-2.20397297E+00,+39.26E-06
-4.62500E-03,-2.20156083E+00,-1.97085E-03
-4.60000E-03,-2.20312882E+00,-1.92048E-03
-4.57500E-03,-2.21301819E+00,-1.21702E-03
-4.55000E-03,-2.21151065E+00,-1.36784E-03
-4.52500E-03,-2.21151065E+00,-1.21702E-03
-4.50000E-03,-2.21181209E+00,-2.47330E-03
-4.47500E-03,-2.21151065E+00,-2.47330E-03
-4.45000E-03,-2.21151065E+00,-2.47330E-03
-4.42500E-03,-2.21151065E+00,-2.47330E-03
-4.40000E-03,-2.21151065E+00,-2.47330E-03
-4.37500E-03,-2.21151065E+00,-1.21709E-03
-4.35000E-03,-2.21301819E+00,-1.41796E-03
-4.32500E-03,-2.21151065E+00,-1.21702E-03
-4.30000E-03,-2.21229465E+00,-1.21702E-03
-4.27500E-03,-2.21151065E+00,-1.21702E-03
-4.25000E-03,-2.21151065E+00,-1.46834E-03
-4.22500E-03,-2.21295781E+00,-2.42299E-03
-4.20000E-03,-2.21132983E+00,-1.21702E-03
-4.17500E-03,-2.21151065E+00,-1.21702E-03
-4.15000E-03,-2.20397297E+00,-1.76972E-03
-4.12500E-03,-2.20336987E+00,-1.21702E-03
-4.10000E-03,-2.20246543E+00,+39.26E-06
-4.07500E-03,-2.20107857E+00,-61.31E-06
-4.05000E-03,-2.20107842E+00,-1.21702E-03
-4.02500E-03,-2.19456601E+00,-1.21702E-03
-4.00000E-03,-2.19492774E+00,-463.19E-06
-3.97500E-03,-2.19492774E+00,-1.21702E-03
-3.95000E-03,-2.18696786E+00,-865.20E-06
-3.92500E-03,-2.18570153E+00,-1.21702E-03
-3.90000E-03,-2.18732983E+00,-2.47330E-03
-3.87500E-03,-2.18256601E+00,-965.83E-06
-3.85000E-03,-2.18286744E+00,-1.66922E-03
-3.82500E-03,-2.17460605E+00,-1.21702E-03
-3.80000E-03,-2.16525948E+00,-1.21702E-03
-3.77500E-03,-2.16652581E+00,+39.26E-06
-3.75000E-03,-2.15874676E+00,-1.21702E-03
-3.72500E-03,-2.15850571E+00,-2.47330E-03
-3.70000E-03,-2.15120915E+00,-3.32764E-03
-3.67500E-03,-2.15042515E+00,-1.87035E-03
-3.65000E-03,-2.14162113E+00,-2.47330E-03
-3.62500E-03,-2.14125916E+00,-1.46834E-03
-3.60000E-03,-2.13317908E+00,-2.47330E-03
-3.57500E-03,-2.12666596E+00,-1.36771E-03
-3.55000E-03,-2.12558101E+00,-312.43E-06
-3.52500E-03,-2.11551042E+00,-1.21702E-03
-3.50000E-03,-2.10839500E+00,-1.21702E-03
-3.47500E-03,-2.10109852E+00,-2.47330E-03
-3.45000E-03,-2.09368135E+00,-1.21702E-03
-3.42500E-03,-2.09241518E+00,-1.31746E-03
-3.40000E-03,-2.08487749E+00,-1.21702E-03
-3.37500E-03,-2.07733980E+00,-1.21702E-03
-3.35000E-03,-2.06829458E+00,-1.76985E-03
-3.32500E-03,-2.06075689E+00,-2.47330E-03
-3.30000E-03,-2.05508871E+00,-2.47330E-03
-3.27500E-03,-2.04875681E+00,-1.21702E-03
-3.25000E-03,-2.04115849E+00,-2.47330E-03
-3.22500E-03,-2.03579174E+00,-2.47330E-03
-3.20000E-03,-2.02994258E+00,-1.82010E-03
-3.17500E-03,-2.02065598E+00,-2.47330E-03
-3.15000E-03,-2.00648553E+00,-1.01595E-03
-3.12500E-03,-1.99894784E+00,-1.21702E-03
-3.10000E-03,-1.99038487E+00,+39.26E-06
-3.07500E-03,-1.98332959E+00,-815.08E-06
-3.05000E-03,-1.97482724E+00,-1.21702E-03
-3.02500E-03,-1.96523922E+00,-1.21702E-03
-3.00000E-03,-1.95764074E+00,-1.21702E-03
-2.97500E-03,-1.94455572E+00,-1.21702E-03
-2.95000E-03,-1.93653537E+00,-1.21702E-03
-2.92500E-03,-1.92634458E+00,-1.21702E-03
-2.90000E-03,-1.91989265E+00,-1.76972E-03
-2.87500E-03,-1.90517875E+00,-1.21702E-03
-2.85000E-03,-1.89342021E+00,-1.21702E-03
-2.82500E-03,-1.88726937E+00,-1.21702E-03
-2.80000E-03,-1.87683729E+00,-2.37287E-03
-2.77500E-03,-1.86700798E+00,-1.21702E-03
-2.75000E-03,-1.85482716E+00,-1.21702E-03
-2.72500E-03,-1.84252540E+00,-1.06641E-03
-2.70000E-03,-1.83076677E+00,+39.26E-06
-2.67500E-03,-1.82087741E+00,-1.06620E-03
-2.65000E-03,-1.81352071E+00,-1.21702E-03
-2.62500E-03,-1.79693779E+00,-3.22721E-03
-2.60000E-03,-1.78596275E+00,-1.21702E-03
-2.57500E-03,-1.77287733E+00,-1.21702E-03
-2.55000E-03,-1.76328947E+00,-1.21702E-03
-2.52500E-03,-1.75352029E+00,-161.82E-06
-2.50000E-03,-1.73512858E+00,-1.21695E-03
-2.47500E-03,-1.72330957E+00,-1.21702E-03
-2.45000E-03,-1.71348034E+00,-815.08E-06
-2.42500E-03,-1.69948997E+00,-1.21702E-03
-2.40000E-03,-1.68525915E+00,-1.21702E-03
-2.37500E-03,-1.67241493E+00,-2.22198E-03
-2.35000E-03,-1.65830471E+00,-2.42298E-03
-2.32500E-03,-1.65088746E+00,-111.42E-06
-2.30000E-03,-1.63237473E+00,-1.21702E-03
-2.27500E-03,-1.61886728E+00,-1.21702E-03
-2.25000E-03,-1.60849516E+00,-1.21702E-03
-2.22500E-03,-1.59492775E+00,-2.17173E-03
-2.20000E-03,-1.57647523E+00,-1.21702E-03
-2.17500E-03,-1.56085697E+00,-1.21702E-03
-2.15000E-03,-1.55157088E+00,-1.21702E-03
-2.12500E-03,-1.53341996E+00,-1.21702E-03
-2.10000E-03,-1.52021426E+00,-513.58E-06
-2.07500E-03,-1.50556083E+00,-865.19E-06
-2.05000E-03,-1.49337975E+00,-1.21702E-03
-2.02500E-03,-1.47179139E+00,+39.26E-06
-2.00000E-03,-1.46527951E+00,-1.21702E-03
-1.97500E-03,-1.44815396E+00,-1.21702E-03
-1.95000E-03,-1.43295764E+00,-613.94E-06
-1.92500E-03,-1.41504827E+00,+39.26E-06
-1.90000E-03,-1.40021410E+00,-1.21702E-03
-1.87500E-03,-1.38688738E+00,-1.21702E-03
-1.85000E-03,-1.36722874E+00,+39.26E-06
-1.82500E-03,-1.35209306E+00,-1.21702E-03
-1.80000E-03,-1.34003293E+00,-1.21702E-03
-1.77500E-03,-1.32399290E+00,-1.21702E-03
-1.75000E-03,-1.30367138E+00,-1.21702E-03
-1.72500E-03,-1.29022397E+00,-2.47330E-03
-1.70000E-03,-1.27551058E+00,-2.32262E-03
-1.67500E-03,-1.25591233E+00,-1.21702E-03
-1.65000E-03,-1.23944993E+00,-1.92061E-03
-1.62500E-03,-1.22708812E+00,-1.97072E-03
-1.60000E-03,-1.20525924E+00,-1.21702E-03
-1.57500E-03,-1.18915873E+00,-2.37273E-03
-1.55000E-03,-1.17191224E+00,-1.21702E-03
-1.52500E-03,-1.15466610E+00,-1.51846E-03
-1.50000E-03,-1.14055598E+00,-1.21702E-03
-1.47500E-03,-1.12409332E+00,-1.21702E-03
-1.45000E-03,-1.10738963E+00,-1.56885E-03
-1.42500E-03,-1.08917866E+00,-2.47330E-03
-1.40000E-03,-1.07488746E+00,-1.21702E-03
-1.37500E-03,-1.05583210E+00,+39.26E-06
-1.35000E-03,-1.03617390E+00,-2.02112E-03
-1.32500E-03,-1.01983219E+00,-1.21702E-03
-1.30000E-03,-999.02790E-03,-1.21702E-03
-1.27500E-03,-979.61108E-03,-1.21702E-03
-1.25000E-03,-966.28419E-03,-1.21702E-03
-1.22500E-03,-944.09288E-03,-1.21702E-03
-1.20000E-03,-928.59610E-03,-2.47330E-03
-1.17500E-03,-910.44517E-03,-1.81996E-03
-1.15000E-03,-889.82205E-03,-1.66936E-03
-1.12500E-03,-874.02314E-03,-1.21702E-03
-1.10000E-03,-857.56065E-03,-1.21702E-03
-1.07500E-03,-837.35956E-03,-262.10E-06
-1.05000E-03,-818.72640E-03,-2.47330E-03
-1.02500E-03,-801.78185E-03,-2.47330E-03
-1.00000E-03,-779.65120E-03,-2.47330E-03
-975.00E-06,-763.91259E-03,-2.47330E-03
-950.00E-06,-748.59565E-03,-2.47330E-03
-925.00E-06,-725.44005E-03,-2.47330E-03
-900.00E-06,-704.63576E-03,-2.47330E-03
-875.00E-06,-689.19885E-03,-1.71946E-03
-850.00E-06,-665.13845E-03,-1.76986E-03
-825.00E-06,-647.34969E-03,-1.21702E-03
-800.00E-06,-629.37966E-03,-1.21702E-03
-775.00E-06,-610.80671E-03,-1.21702E-03
-750.00E-06,-593.62087E-03,-2.47330E-03
-725.00E-06,-574.98770E-03,-2.47330E-03
-700.00E-06,-556.35453E-03,-2.47330E-03
-675.00E-06,-535.12876E-03,-2.07122E-03
-650.00E-06,-515.83183E-03,-1.21702E-03
-625.00E-06,-500.45513E-03,-1.21702E-03
-600.00E-06,-481.09852E-03,-1.21702E-03
-575.00E-06,-460.17363E-03,-1.21702E-03
-550.00E-06,-440.09341E-03,-1.81996E-03
-525.00E-06,-422.48537E-03,-2.47330E-03
-500.00E-06,-398.24443E-03,-2.47330E-03
-475.00E-06,-382.80707E-03,-2.42298E-03
-450.00E-06,-360.97765E-03,-1.21702E-03
-425.00E-06,-341.25896E-03,-1.56871E-03
-400.00E-06,-322.86700E-03,-1.76971E-03
-375.00E-06,-302.66618E-03,-2.47330E-03
-350.00E-06,-286.08308E-03,-2.17172E-03
-325.00E-06,-266.54567E-03,-2.37273E-03
-300.00E-06,-247.55060E-03,-1.21702E-03
-275.00E-06,-229.03795E-03,-2.17187E-03
-250.00E-06,-209.19848E-03,-2.47330E-03
-225.00E-06,-187.24900E-03,-1.92046E-03
-200.00E-06,-167.28957E-03,-2.47330E-03
-175.00E-06,-141.66143E-03,-1.21702E-03
-150.00E-06,-125.31935E-03,-1.21702E-03
-125.00E-06,-110.60597E-03,-2.22212E-03
-100.00E-06,-87.51040E-03,-1.21702E-03
-75.00E-06,-69.41986E-03,-2.47330E-03
-50.00E-06,-51.32922E-03,-2.47330E-03
-25.00E-06,-31.91223E-03,-1.21702E-03
+0.0E+00,-13.52045E-03,-1.21702E-03
+25.00E-06,+10.90185E-03,-1.21702E-03
+50.00E-06,+27.24337E-03,-1.21702E-03
+75.00E-06,+46.11774E-03,-1.81996E-03
+100.00E-06,+67.04246E-03,-2.47330E-03
+125.00E-06,+85.67562E-03,-2.47330E-03
+150.00E-06,+101.47490E-03,-1.26735E-03
+175.00E-06,+125.77622E-03,-1.36770E-03
+200.00E-06,+142.41916E-03,-2.12162E-03
+225.00E-06,+165.21303E-03,-664.34E-06
+250.00E-06,+185.47471E-03,-1.21702E-03
+275.00E-06,+203.92660E-03,-1.21702E-03
+300.00E-06,+226.53985E-03,-2.37272E-03
+325.00E-06,+245.17321E-03,-1.31745E-03
+350.00E-06,+264.71099E-03,-1.51845E-03
+375.00E-06,+282.56005E-03,-463.18E-06
+400.00E-06,+303.54488E-03,-1.21702E-03
+425.00E-06,+322.41925E-03,-1.56886E-03
+450.00E-06,+342.80116E-03,-2.47330E-03
+475.00E-06,+360.28841E-03,-2.52348E-03
+500.00E-06,+382.66027E-03,-2.47330E-03
+525.00E-06,+399.00197E-03,-2.47330E-03
+550.00E-06,+416.00728E-03,-2.47330E-03
+575.00E-06,+440.73062E-03,-2.87539E-03
+600.00E-06,+460.32870E-03,-2.47330E-03
+625.00E-06,+479.44438E-03,-2.47330E-03
+650.00E-06,+499.58517E-03,-2.67423E-03
+675.00E-06,+515.68558E-03,-2.47330E-03
+700.00E-06,+535.28348E-03,-2.47330E-03
+725.00E-06,+555.90659E-03,-2.47330E-03
+750.00E-06,+574.11736E-03,-2.47330E-03
+775.00E-06,+592.87180E-03,-1.26735E-03
+800.00E-06,+610.23825E-03,-2.47330E-03
+825.00E-06,+631.10286E-03,-2.47330E-03
+850.00E-06,+649.31372E-03,-3.02599E-03
+875.00E-06,+668.79121E-03,-1.71962E-03
+900.00E-06,+688.51009E-03,-2.17172E-03
+925.00E-06,+708.95191E-03,-2.47330E-03
+950.00E-06,+727.58527E-03,-1.31744E-03
+975.00E-06,+748.26888E-03,-2.47330E-03
+1.00000E-03,+763.16287E-03,-1.21702E-03
+1.02500E-03,+781.25361E-03,-2.47330E-03
+1.05000E-03,+802.23844E-03,-1.21702E-03
+1.07500E-03,+819.36407E-03,+39.26E-06
+1.10000E-03,+836.61011E-03,+1.29554E-03
+1.12500E-03,+854.51956E-03,+4.05928E-03
+1.15000E-03,+869.35373E-03,+11.69771E-03
+1.17500E-03,+884.12779E-03,+20.08967E-03
+1.20000E-03,+900.04710E-03,+28.07954E-03
+1.22500E-03,+913.61494E-03,+36.67251E-03
+1.25000E-03,+922.66056E-03,+45.26555E-03
+1.27500E-03,+940.02729E-03,+57.42636E-03
+1.30000E-03,+950.33875E-03,+65.36589E-03
+1.32500E-03,+962.76116E-03,+75.51697E-03
+1.35000E-03,+975.96680E-03,+87.97896E-03
+1.37500E-03,+986.88156E-03,+97.02426E-03
+1.40000E-03,+996.83151E-03,+105.81856E-03
+1.42500E-03,+1.01407754E+00,+121.44654E-03
+1.45000E-03,+1.02390669E+00,+129.83874E-03
+1.47500E-03,+1.03524337E+00,+139.08473E-03
+1.50000E-03,+1.04899202E+00,+151.04453E-03
+1.52500E-03,+1.05870046E+00,+161.14487E-03
+1.55000E-03,+1.07051956E+00,+169.83842E-03
+1.57500E-03,+1.08059011E+00,+179.38624E-03
+1.60000E-03,+1.09228850E+00,+189.13490E-03
+1.62500E-03,+1.10145423E+00,+199.53699E-03
+1.65000E-03,+1.11478087E+00,+211.49679E-03
+1.67500E-03,+1.12551463E+00,+220.94403E-03
+1.70000E-03,+1.13293192E+00,+229.13498E-03
+1.72500E-03,+1.14426820E+00,+239.93884E-03
+1.75000E-03,+1.15693182E+00,+251.04436E-03
+1.77500E-03,+1.16676096E+00,+258.73297E-03
+1.80000E-03,+1.17586639E+00,+268.18021E-03
+1.82500E-03,+1.18949433E+00,+282.70257E-03
+1.85000E-03,+1.19902217E+00,+290.84352E-03
+1.87500E-03,+1.20909252E+00,+300.29068E-03
+1.90000E-03,+1.22193684E+00,+311.19520E-03
+1.92500E-03,+1.22971554E+00,+319.58716E-03
+1.95000E-03,+1.24002710E+00,+330.44127E-03
+1.97500E-03,+1.24732358E+00,+337.52661E-03
+2.00000E-03,+1.25944428E+00,+349.53683E-03
+2.02500E-03,+1.26939383E+00,+359.28540E-03
+2.05000E-03,+1.27542398E+00,+365.31580E-03
+2.07500E-03,+1.28923333E+00,+378.02954E-03
+2.10000E-03,+1.29755494E+00,+385.31589E-03
+2.12500E-03,+1.30798669E+00,+394.51162E-03
+2.15000E-03,+1.31648941E+00,+402.95408E-03
+2.17500E-03,+1.32655956E+00,+414.51153E-03
+2.20000E-03,+1.33132338E+00,+418.48138E-03
+2.22500E-03,+1.34440901E+00,+429.68750E-03
+2.25000E-03,+1.35140428E+00,+438.48189E-03
+2.27500E-03,+1.36352458E+00,+449.63741E-03
+2.30000E-03,+1.37015795E+00,+456.77309E-03
+2.32500E-03,+1.37829855E+00,+465.01421E-03
+2.35000E-03,+1.38547423E+00,+471.09461E-03
+2.37500E-03,+1.39874066E+00,+482.20014E-03
+2.40000E-03,+1.40796700E+00,+491.14503E-03
+2.42500E-03,+1.41182609E+00,+496.22033E-03
+2.45000E-03,+1.42111263E+00,+504.21019E-03
+2.47500E-03,+1.43220790E+00,+515.31572E-03
+2.50000E-03,+1.43974559E+00,+522.65232E-03
+2.52500E-03,+1.44680107E+00,+529.78817E-03
+2.55000E-03,+1.45482096E+00,+536.47141E-03
+2.57500E-03,+1.46386619E+00,+547.77795E-03
+2.60000E-03,+1.47248951E+00,+554.96405E-03
+2.62500E-03,+1.48044910E+00,+562.60198E-03
+2.65000E-03,+1.48798679E+00,+567.87845E-03
+2.67500E-03,+1.49232860E+00,+573.85852E-03
+2.70000E-03,+1.50113262E+00,+582.95383E-03
+2.72500E-03,+1.50776589E+00,+589.38616E-03
+2.75000E-03,+1.51723313E+00,+598.02920E-03
+2.77500E-03,+1.52344387E+00,+604.31061E-03
+2.80000E-03,+1.53459975E+00,+615.61714E-03
+2.82500E-03,+1.54063011E+00,+618.23012E-03
+2.85000E-03,+1.54491152E+00,+624.41111E-03
+2.87500E-03,+1.55281091E+00,+631.44637E-03
+2.90000E-03,+1.55781625E+00,+637.37619E-03
+2.92500E-03,+1.56637875E+00,+646.11974E-03
+2.95000E-03,+1.57295193E+00,+652.65266E-03
+2.97500E-03,+1.57843905E+00,+657.02426E-03
+3.00000E-03,+1.58356499E+00,+661.34604E-03
+3.02500E-03,+1.58844921E+00,+667.02444E-03
+3.05000E-03,+1.59574569E+00,+674.00919E-03
+3.07500E-03,+1.60105212E+00,+678.83331E-03
+3.10000E-03,+1.60732358E+00,+685.31589E-03
+3.12500E-03,+1.61160499E+00,+689.73783E-03
+3.15000E-03,+1.61763503E+00,+694.96379E-03
+3.17500E-03,+1.62215765E+00,+700.18992E-03
+3.20000E-03,+1.62746428E+00,+706.06940E-03
+3.22500E-03,+1.63819774E+00,+716.11965E-03
+3.25000E-03,+1.64326317E+00,+721.14478E-03
+3.27500E-03,+1.64639906E+00,+725.01430E-03
+3.30000E-03,+1.64814739E+00,+726.32057E-03
+3.32500E-03,+1.65490147E+00,+732.09964E-03
+3.35000E-03,+1.65900176E+00,+737.47644E-03
+3.37500E-03,+1.66376558E+00,+741.24528E-03
+3.40000E-03,+1.66889131E+00,+746.27041E-03
+3.42500E-03,+1.67353464E+00,+751.29553E-03
+3.45000E-03,+1.67769554E+00,+756.11983E-03
+3.47500E-03,+1.68173575E+00,+758.53180E-03
+3.50000E-03,+1.68306206E+00,+761.34578E-03
+3.52500E-03,+1.69084096E+00,+767.62719E-03
+3.55000E-03,+1.69451945E+00,+772.30047E-03
+3.57500E-03,+1.69470046E+00,+772.95400E-03
+3.60000E-03,+1.70054960E+00,+780.13984E-03
+3.62500E-03,+1.70386608E+00,+783.70768E-03
+3.65000E-03,+1.70959483E+00,+788.53180E-03
+3.67500E-03,+1.71110237E+00,+788.33080E-03
+3.70000E-03,+1.71562498E+00,+794.00910E-03
+3.72500E-03,+1.71610761E+00,+794.41129E-03
+3.75000E-03,+1.72316256E+00,+800.29051E-03
+3.77500E-03,+1.72418801E+00,+801.34587E-03
+3.80000E-03,+1.72515251E+00,+805.31563E-03
+3.82500E-03,+1.72623826E+00,+805.31563E-03
+3.85000E-03,+1.73220790E+00,+811.14469E-03
+3.87500E-03,+1.73100197E+00,+810.34076E-03
+3.90000E-03,+1.73667010E+00,+815.36588E-03
+3.92500E-03,+1.74239907E+00,+821.34596E-03
+3.95000E-03,+1.74167513E+00,+821.64729E-03
+3.97500E-03,+1.74125312E+00,+821.64729E-03
+4.00000E-03,+1.74577574E+00,+825.41613E-03
+4.02500E-03,+1.74842889E+00,+825.41613E-03
+4.05000E-03,+1.74728327E+00,+825.31554E-03
+4.07500E-03,+1.75156490E+00,+830.24043E-03
+4.10000E-03,+1.75295172E+00,+830.44126E-03
+4.12500E-03,+1.75331342E+00,+830.44126E-03
+4.15000E-03,+1.75246931E+00,+831.69754E-03
+4.17500E-03,+1.75289120E+00,+831.34569E-03
+4.20000E-03,+1.75783604E+00,+835.46639E-03
+4.22500E-03,+1.75928338E+00,+835.46639E-03
+4.25000E-03,+1.75783604E+00,+835.71755E-03
+4.27500E-03,+1.75880097E+00,+836.27050E-03
+4.30000E-03,+1.75711231E+00,+834.86328E-03
+4.32500E-03,+1.75982609E+00,+836.27059E-03
+4.35000E-03,+1.75783604E+00,+835.46639E-03
+4.37500E-03,+1.75783604E+00,+835.46648E-03
+4.40000E-03,+1.75783604E+00,+835.46639E-03
+4.42500E-03,+1.75831834E+00,+836.72267E-03
+4.45000E-03,+1.75855955E+00,+836.11974E-03
+4.47500E-03,+1.75837886E+00,+838.43130E-03
+4.50000E-03,+1.75783604E+00,+835.71773E-03
+4.52500E-03,+1.75783604E+00,+835.46639E-03
+4.55000E-03,+1.75916278E+00,+836.72267E-03
+4.57500E-03,+1.75783604E+00,+835.46639E-03
+4.60000E-03,+1.75783604E+00,+836.72267E-03
+4.62500E-03,+1.75180589E+00,+831.19494E-03
+4.65000E-03,+1.75180589E+00,+830.44126E-03
+4.67500E-03,+1.75319271E+00,+830.34067E-03
+4.70000E-03,+1.75307244E+00,+831.59713E-03
+4.72500E-03,+1.74728327E+00,+825.71755E-03
+4.75000E-03,+1.74668037E+00,+824.41129E-03
+4.77500E-03,+1.74661985E+00,+825.41613E-03
+4.80000E-03,+1.74686105E+00,+824.71243E-03
+4.82500E-03,+1.74010761E+00,+819.28557E-03
+4.85000E-03,+1.74125312E+00,+820.39101E-03
+4.87500E-03,+1.73914224E+00,+817.37566E-03
+4.90000E-03,+1.73534324E+00,+812.50138E-03
+4.92500E-03,+1.73070036E+00,+809.73765E-03
+4.95000E-03,+1.73118288E+00,+809.08448E-03
+4.97500E-03,+1.72593643E+00,+805.31563E-03
+5.00000E-03,+1.72467021E+00,+804.05935E-03
+5.02500E-03,+1.71990650E+00,+800.08959E-03
+5.05000E-03,+1.71918299E+00,+799.03423E-03
+5.07500E-03,+1.71411744E+00,+794.66246E-03
+5.10000E-03,+1.71206708E+00,+793.10439E-03
+5.12500E-03,+1.70989645E+00,+787.72769E-03
+5.15000E-03,+1.70356468E+00,+783.85816E-03
+5.17500E-03,+1.70356468E+00,+782.85323E-03
+5.20000E-03,+1.69904207E+00,+777.67744E-03
+5.22500E-03,+1.69301192E+00,+770.84336E-03
+5.25000E-03,+1.68698177E+00,+766.37091E-03
+5.27500E-03,+1.68625792E+00,+765.76771E-03
+5.30000E-03,+1.68095162E+00,+760.08950E-03
+5.32500E-03,+1.67642900E+00,+755.16479E-03
+5.35000E-03,+1.67184564E+00,+750.29004E-03
+5.37500E-03,+1.67039885E+00,+750.03925E-03
+5.40000E-03,+1.66069020E+00,+739.43614E-03
+5.42500E-03,+1.65857942E+00,+737.67716E-03
+5.45000E-03,+1.65683101E+00,+736.22016E-03
+5.47500E-03,+1.64935351E+00,+731.19503E-03
+5.50000E-03,+1.64507211E+00,+725.91874E-03
+5.52500E-03,+1.64024810E+00,+720.24044E-03
+5.55000E-03,+1.63349422E+00,+714.26026E-03
+5.57500E-03,+1.62969533E+00,+709.43614E-03
+5.60000E-03,+1.62366518E+00,+703.75794E-03
+5.62500E-03,+1.61763492E+00,+698.53162E-03
+5.65000E-03,+1.61311242E+00,+693.50659E-03
+5.67500E-03,+1.60659997E+00,+687.22518E-03
+5.70000E-03,+1.60255966E+00,+683.45634E-03
+5.72500E-03,+1.59297160E+00,+672.95373E-03
+5.75000E-03,+1.58597674E+00,+667.12468E-03
+5.77500E-03,+1.57994659E+00,+660.89362E-03
+5.80000E-03,+1.57675073E+00,+657.07443E-03
+5.82500E-03,+1.57349444E+00,+653.30558E-03
+5.85000E-03,+1.56704195E+00,+648.83313E-03
+5.87500E-03,+1.55673040E+00,+638.73281E-03
+5.90000E-03,+1.55130338E+00,+633.50668E-03
+5.92500E-03,+1.54515251E+00,+628.17996E-03
+5.95000E-03,+1.54087110E+00,+622.09936E-03
+5.97500E-03,+1.53128293E+00,+614.00881E-03
+6.00000E-03,+1.52537350E+00,+607.82801E-03
+6.02500E-03,+1.51614725E+00,+598.88319E-03
+6.05000E-03,+1.50649947E+00,+590.49151E-03
+6.07500E-03,+1.50173565E+00,+585.46639E-03
+6.10000E-03,+1.49558467E+00,+579.28529E-03
+6.12500E-03,+1.48678065E+00,+571.64729E-03
+6.15000E-03,+1.47658935E+00,+561.34530E-03
+6.17500E-03,+1.46989634E+00,+555.31563E-03
+6.20000E-03,+1.46290114E+00,+549.08419E-03
+6.22500E-03,+1.45536322E+00,+540.89324E-03
+6.25000E-03,+1.44577562E+00,+532.70238E-03
+6.27500E-03,+1.43721269E+00,+524.31042E-03
+6.30000E-03,+1.43166495E+00,+519.28539E-03
+6.32500E-03,+1.41936356E+00,+506.87313E-03
+6.35000E-03,+1.41206708E+00,+499.13454E-03
+6.37500E-03,+1.40446897E+00,+491.99886E-03
+6.40000E-03,+1.39747411E+00,+486.11946E-03
+6.42500E-03,+1.39017763E+00,+478.68247E-03
+6.45000E-03,+1.37727299E+00,+465.56670E-03
+6.47500E-03,+1.36955452E+00,+457.72740E-03
+6.50000E-03,+1.36255931E+00,+450.79273E-03
+6.52500E-03,+1.35230840E+00,+442.25031E-03
+6.55000E-03,+1.34163492E+00,+432.09946E-03
+6.57500E-03,+1.33144385E+00,+421.19474E-03
+6.60000E-03,+1.32402688E+00,+414.91353E-03
+6.62500E-03,+1.31552401E+00,+407.07394E-03
+6.65000E-03,+1.30641884E+00,+397.87816E-03
+6.67500E-03,+1.29459974E+00,+387.87835E-03
+6.70000E-03,+1.28844875E+00,+380.39082E-03
+6.72500E-03,+1.27415718E+00,+365.91806E-03
+6.75000E-03,+1.26788629E+00,+360.59202E-03
+6.77500E-03,+1.25636859E+00,+349.73765E-03
+6.80000E-03,+1.24762463E+00,+339.93846E-03
+6.82500E-03,+1.23472046E+00,+329.18498E-03
+6.85000E-03,+1.22820767E+00,+322.70247E-03
+6.87500E-03,+1.21813731E+00,+312.85313E-03
+6.90000E-03,+1.20577515E+00,+301.29504E-03
+6.92500E-03,+1.19697137E+00,+292.30037E-03
+6.95000E-03,+1.18792626E+00,+283.25504E-03
+6.97500E-03,+1.17894157E+00,+273.90860E-03
+7.00000E-03,+1.16748393E+00,+263.10429E-03
+7.02500E-03,+1.15771520E+00,+253.65705E-03
+7.05000E-03,+1.14746406E+00,+245.01413E-03
+7.07500E-03,+1.13564497E+00,+233.15464E-03
+7.10000E-03,+1.12382587E+00,+223.50639E-03
+7.12500E-03,+1.11351432E+00,+214.10921E-03
+7.15000E-03,+1.10211697E+00,+202.35042E-03
+7.17500E-03,+1.08975540E+00,+190.79283E-03
+7.20000E-03,+1.08095162E+00,+183.55675E-03
+7.22500E-03,+1.06659962E+00,+170.54147E-03
+7.25000E-03,+1.05863971E+00,+164.10921E-03
+7.27500E-03,+1.04645892E+00,+152.75273E-03
+7.30000E-03,+1.03512188E+00,+142.75233E-03
+7.32500E-03,+1.02179560E+00,+132.90338E-03
+7.35000E-03,+1.01027790E+00,+123.25514E-03
+7.37500E-03,+999.84597E-03,+113.10458E-03
+7.40000E-03,+987.06194E-03,+99.83785E-03
+7.42500E-03,+974.70025E-03,+89.88840E-03
+7.45000E-03,+964.44863E-03,+80.94328E-03
+7.47500E-03,+948.83054E-03,+68.33031E-03
+7.50000E-03,+937.73530E-03,+59.08428E-03
+7.52500E-03,+927.18278E-03,+50.49142E-03
+7.55000E-03,+911.56445E-03,+38.93343E-03
+7.57500E-03,+900.04710E-03,+30.79293E-03
+7.60000E-03,+883.88606E-03,+21.29524E-03
+7.62500E-03,+870.80063E-03,+13.60700E-03
+7.65000E-03,+853.31343E-03,+5.06438E-03
+7.67500E-03,+838.96119E-03,+340.56E-06
+7.70000E-03,+822.07713E-03,-3.37793E-03
+7.72500E-03,+804.70993E-03,-3.72959E-03
+7.75000E-03,+785.77490E-03,-3.72959E-03
+7.77500E-03,+767.08167E-03,-4.03119E-03
+7.80000E-03,+753.21232E-03,-3.72959E-03
+7.82500E-03,+728.54925E-03,-3.72959E-03
+7.85000E-03,+713.11243E-03,-3.42818E-03
+7.87500E-03,+694.41848E-03,-3.22717E-03
+7.90000E-03,+673.43367E-03,-2.47330E-03
+7.92500E-03,+655.64461E-03,-3.37772E-03
+7.95000E-03,+637.97590E-03,-3.57873E-03
+7.97500E-03,+616.81056E-03,-3.72959E-03
+8.00000E-03,+596.42865E-03,-4.98587E-03
+8.02500E-03,+578.09687E-03,-4.18174E-03
+8.05000E-03,+557.05225E-03,-4.98587E-03
+8.07500E-03,+540.28807E-03,-4.58375E-03
+8.10000E-03,+519.42362E-03,-3.72959E-03
+8.12500E-03,+502.05666E-03,-4.98576E-03
+8.15000E-03,+480.40842E-03,-4.98587E-03
+8.17500E-03,+460.32839E-03,-4.13149E-03
+8.20000E-03,+442.35805E-03,-3.72959E-03
+8.22500E-03,+423.54422E-03,-4.18195E-03
+8.25000E-03,+400.14724E-03,-5.23723E-03
+8.27500E-03,+381.39372E-03,-4.98587E-03
+8.30000E-03,+363.12162E-03,-3.72959E-03
+8.32500E-03,+343.28255E-03,-4.08124E-03
+8.35000E-03,+327.66483E-03,-3.72959E-03
+8.37500E-03,+305.47350E-03,-3.72959E-03
+8.40000E-03,+285.03154E-03,-4.68426E-03
+8.42500E-03,+266.51910E-03,-3.83019E-03
+8.45000E-03,+246.25767E-03,-3.72959E-03
+8.47500E-03,+227.68530E-03,-4.03099E-03
+8.50000E-03,+210.80063E-03,-4.48346E-03
+8.52500E-03,+186.31834E-03,-3.72959E-03
+8.55000E-03,+167.62463E-03,-3.72959E-03
+8.57500E-03,+145.37312E-03,-2.47330E-03
+8.60000E-03,+125.41345E-03,-2.52345E-03
+8.62500E-03,+108.89058E-03,-3.72959E-03
+8.65000E-03,+86.63958E-03,-4.18174E-03
+8.67500E-03,+69.51395E-03,-3.72959E-03
+8.70000E-03,+53.89586E-03,-4.98587E-03
+8.72500E-03,+27.18279E-03,-4.98587E-03
+8.75000E-03,+10.59962E-03,-3.72948E-03
+8.77500E-03,-8.27487E-03,-3.72959E-03
+8.80000E-03,-28.65678E-03,-3.32768E-03
+8.82500E-03,-46.86821E-03,-3.72959E-03
+8.85000E-03,-69.42060E-03,-3.72959E-03
+8.87500E-03,-85.58153E-03,-4.73451E-03
+8.90000E-03,-104.15427E-03,-3.72959E-03
+8.92500E-03,-126.04372E-03,-3.72959E-03
+8.95000E-03,-142.74698E-03,-3.72959E-03
+8.97500E-03,-167.65188E-03,-3.17693E-03
+9.00000E-03,-185.38002E-03,-2.47330E-03
+9.02500E-03,-204.91822E-03,-2.47330E-03
+9.05000E-03,-227.95327E-03,-2.47330E-03
+9.07500E-03,-245.32010E-03,-3.72959E-03
+9.10000E-03,-261.54108E-03,-2.47330E-03
+9.12500E-03,-283.06884E-03,-2.47330E-03
+9.15000E-03,-300.25503E-03,-3.17672E-03
+9.17500E-03,-319.49146E-03,-2.82517E-03
+9.20000E-03,-338.54648E-03,-2.47330E-03
+9.22500E-03,-360.01369E-03,-2.52345E-03
+9.25000E-03,-385.28041E-03,-3.47843E-03
+9.27500E-03,-398.78756E-03,-2.47330E-03
+9.30000E-03,-416.75703E-03,-2.47330E-03
+9.32500E-03,-440.63643E-03,-2.07119E-03
+9.35000E-03,-459.51055E-03,-1.41813E-03
+9.37500E-03,-476.33543E-03,-1.21723E-03
+9.40000E-03,-498.22462E-03,-2.47330E-03
+9.42500E-03,-517.09900E-03,-1.61893E-03
+9.45000E-03,-535.18932E-03,-2.47330E-03
+9.47500E-03,-555.39058E-03,-2.47330E-03
+9.50000E-03,-574.02375E-03,-1.71975E-03
+9.52500E-03,-593.98316E-03,-2.42295E-03
+9.55000E-03,-610.32487E-03,-2.47330E-03
+9.57500E-03,-626.66658E-03,-2.12165E-03
+9.60000E-03,-648.19409E-03,-2.47330E-03
+9.62500E-03,-664.47575E-03,-1.71964E-03
+9.65000E-03,-682.80767E-03,-1.51864E-03
+9.67500E-03,-705.84271E-03,-2.37269E-03
+9.70000E-03,-721.70201E-03,-2.47330E-03
+9.72500E-03,-739.79221E-03,-2.47330E-03
+9.75000E-03,-763.97337E-03,-1.97090E-03
+9.77500E-03,-777.84233E-03,-2.47330E-03
+9.80000E-03,-802.38517E-03,-1.21702E-03
+9.82500E-03,-818.72688E-03,-3.57872E-03
+9.85000E-03,-834.82790E-03,-2.47330E-03
+9.87500E-03,-854.42602E-03,-2.47330E-03
+9.90000E-03,-872.69699E-03,-1.21702E-03
+9.92500E-03,-891.63140E-03,-1.82015E-03
+9.95000E-03,-905.86320E-03,-1.21702E-03
+9.97500E-03,-926.30503E-03,-2.27219E-03
+10.00000E-03,-945.17914E-03,-2.47320E-03
+10.02500E-03,-964.77700E-03,-2.47330E-03
+10.05000E-03,-982.92814E-03,-2.47330E-03
+10.07500E-03,-996.43529E-03,-2.47330E-03
+10.10000E-03,-1.01820465E+00,-2.47330E-03
+10.12500E-03,-1.03623455E+00,-2.47330E-03
+10.15000E-03,-1.05378215E+00,-2.47330E-03
+10.17500E-03,-1.07108908E+00,-2.47330E-03
+10.20000E-03,-1.08646557E+00,-2.47330E-03
+10.22500E-03,-1.10365163E+00,-2.47330E-03
+10.25000E-03,-1.12427475E+00,-2.47330E-03
+10.27500E-03,-1.13922965E+00,-1.51864E-03
+10.30000E-03,-1.15774182E+00,-1.31763E-03
+10.32500E-03,-1.17082777E+00,-2.47330E-03
+10.35000E-03,-1.19054597E+00,-2.47330E-03
+10.37500E-03,-1.20387261E+00,-2.97571E-03
+10.40000E-03,-1.22117993E+00,-2.47330E-03
+10.42500E-03,-1.23999334E+00,-2.47330E-03
+10.45000E-03,-1.25512941E+00,-1.51875E-03
+10.47500E-03,-1.26923944E+00,-2.47330E-03
+10.50000E-03,-1.28708869E+00,-2.22216E-03
+10.52500E-03,-1.30536031E+00,-2.47330E-03
+10.55000E-03,-1.32049585E+00,-2.47330E-03
+10.57500E-03,-1.33653645E+00,-2.47330E-03
+10.60000E-03,-1.35293820E+00,-2.47330E-03
+10.62500E-03,-1.36578228E+00,-2.47330E-03
+10.65000E-03,-1.38520003E+00,-1.41792E-03
+10.67500E-03,-1.40148064E+00,-1.61892E-03
+10.70000E-03,-1.41486784E+00,-2.47330E-03
+10.72500E-03,-1.42825491E+00,-2.02093E-03
+10.75000E-03,-1.44628480E+00,-1.46839E-03
+10.77500E-03,-1.46093820E+00,-2.47330E-03
+10.80000E-03,-1.47414396E+00,-1.36767E-03
+10.82500E-03,-1.49265679E+00,-2.12166E-03
+10.85000E-03,-1.50700855E+00,-2.47330E-03
+10.87500E-03,-1.51894838E+00,-1.71965E-03
+10.90000E-03,-1.53420453E+00,-1.21702E-03
+10.92500E-03,-1.55271669E+00,-1.21702E-03
+10.95000E-03,-1.56164145E+00,-61.13E-06
+10.97500E-03,-1.57876734E+00,-1.21702E-03
+11.00000E-03,-1.59010403E+00,-1.97090E-03
+11.02500E-03,-1.60680741E+00,-1.21702E-03
+11.05000E-03,-1.61947059E+00,-2.12143E-03
+11.07500E-03,-1.63563126E+00,-1.21702E-03
+11.10000E-03,-1.64172158E+00,-1.26716E-03
+11.12500E-03,-1.65975187E+00,-2.72445E-03
+11.15000E-03,-1.67579220E+00,-2.47330E-03
+11.17500E-03,-1.68381244E+00,-2.47330E-03
+11.20000E-03,-1.70045538E+00,-3.32746E-03
+11.22500E-03,-1.71426456E+00,-2.47330E-03
+11.25000E-03,-1.72306925E+00,-2.47319E-03
+11.27500E-03,-1.73844601E+00,-2.47330E-03
+11.30000E-03,-1.74718905E+00,-3.32769E-03
+11.32500E-03,-1.76298791E+00,-2.47330E-03
+11.35000E-03,-1.77293820E+00,-2.47330E-03
+11.37500E-03,-1.78397324E+00,-2.22194E-03
+11.40000E-03,-1.79543026E+00,-2.47330E-03
+11.42500E-03,-1.80447548E+00,-2.32266E-03
+11.45000E-03,-1.82021445E+00,-1.56867E-03
+11.47500E-03,-1.83197351E+00,-1.92065E-03
+11.50000E-03,-1.84367146E+00,-1.71965E-03
+11.52500E-03,-1.85271669E+00,-1.51864E-03
+11.55000E-03,-1.86917886E+00,-2.37269E-03
+11.57500E-03,-1.87671682E+00,-2.37291E-03
+11.60000E-03,-1.88552084E+00,-1.51842E-03
+11.62500E-03,-1.89553130E+00,-463.14E-06
+11.65000E-03,-1.90548051E+00,-2.47330E-03
+11.67500E-03,-1.91814450E+00,-1.56889E-03
+11.70000E-03,-1.92731020E+00,-2.47330E-03
+11.72500E-03,-1.93840567E+00,-1.26716E-03
+11.75000E-03,-1.94678745E+00,-1.46817E-03
+11.77500E-03,-1.95619421E+00,-2.47330E-03
+11.80000E-03,-1.96427448E+00,-2.47330E-03
+11.82500E-03,-1.97627489E+00,-2.07118E-03
+11.85000E-03,-1.98308896E+00,-1.21702E-03
+11.87500E-03,-1.99442550E+00,-2.47319E-03
+11.90000E-03,-2.00250618E+00,-1.41791E-03
+11.92500E-03,-2.00859677E+00,-1.61892E-03
+11.95000E-03,-2.01715945E+00,-1.87040E-03
+11.97500E-03,-2.02813391E+00,-1.21702E-03
+12.00000E-03,-2.03784218E+00,-1.46839E-03
+12.02500E-03,-2.04417397E+00,-1.26739E-03
+12.05000E-03,-2.05249613E+00,-1.36766E-03
+12.07500E-03,-2.05906899E+00,-2.12166E-03
+12.10000E-03,-2.06244560E+00,-1.21702E-03
+12.12500E-03,-2.06437512E+00,-1.71965E-03
+12.15000E-03,-2.08035488E+00,-2.47330E-03
+12.17500E-03,-2.07957178E+00,-2.37269E-03
+12.20000E-03,-2.08801303E+00,-1.31741E-03
+12.22500E-03,-2.09693779E+00,-1.51842E-03
+12.25000E-03,-2.10357082E+00,-1.97091E-03
+12.27500E-03,-2.10664647E+00,-1.21702E-03
+12.30000E-03,-2.11352071E+00,-1.21702E-03
+12.32500E-03,-2.12105839E+00,-1.21702E-03
+12.35000E-03,-2.13010362E+00,-2.47330E-03
+12.37500E-03,-2.13492829E+00,-2.22216E-03
+12.40000E-03,-2.13764131E+00,-1.21702E-03
+12.42500E-03,-2.14445524E+00,-1.21702E-03
+12.45000E-03,-2.14608421E+00,-1.61915E-03
+12.47500E-03,-2.15271669E+00,-2.47330E-03
+12.50000E-03,-2.16176177E+00,-1.21702E-03
+12.52500E-03,-2.16152084E+00,-1.41791E-03
+12.55000E-03,-2.16785278E+00,-815.13E-06
+12.57500E-03,-2.17080714E+00,-1.21702E-03
+12.60000E-03,-2.17738014E+00,-2.47330E-03
+12.62500E-03,-2.18347073E+00,-1.21702E-03
+12.65000E-03,-2.18437498E+00,-1.21702E-03
+12.67500E-03,-2.18455574E+00,-1.36766E-03
+12.70000E-03,-2.18781202E+00,-2.12166E-03
+12.72500E-03,-2.18889759E+00,-1.21702E-03
+12.75000E-03,-2.19040583E+00,-1.21702E-03
+12.77500E-03,-2.19607333E+00,-2.47330E-03
+12.80000E-03,-2.19643528E+00,-2.37268E-03
+12.82500E-03,-2.19643528E+00,-2.37292E-03
+12.85000E-03,-2.20433464E+00,-1.51841E-03
+12.87500E-03,-2.20457584E+00,-2.47330E-03
+12.90000E-03,-2.20481705E+00,-1.76990E-03
+12.92500E-03,-2.20397297E+00,-1.56890E-03
+12.95000E-03,-2.20903871E+00,-1.36789E-03
+12.97500E-03,-2.21295803E+00,-1.21702E-03
+13.00000E-03,-2.21151065E+00,-2.47330E-03
+13.02500E-03,-2.21108826E+00,-1.66917E-03
+13.05000E-03,-2.21151065E+00,-1.21702E-03
+13.07500E-03,-2.21151065E+00,-1.21702E-03
+13.10000E-03,-2.21126931E+00,-161.86E-06
+13.12500E-03,-2.21000312E+00,-1.21702E-03
+13.15000E-03,-2.21024418E+00,-1.21702E-03
+13.17500E-03,-2.21151065E+00,-1.21702E-03
+13.20000E-03,-2.21223413E+00,-1.87041E-03
+13.22500E-03,-2.21193248E+00,-1.21702E-03
+13.25000E-03,-2.21151065E+00,-965.65E-06
+13.27500E-03,-2.21151065E+00,+39.26E-06
+13.30000E-03,-2.21151065E+00,+189.89E-06
+13.32500E-03,-2.21151065E+00,-865.38E-06
+13.35000E-03,-2.21066629E+00,-1.21702E-03
+13.37500E-03,-2.21000312E+00,-714.39E-06
+13.40000E-03,-2.20397297E+00,-1.51865E-03
+13.42500E-03,-2.20234468E+00,-1.11640E-03
+13.45000E-03,-2.20246543E+00,-1.21702E-03
+13.47500E-03,-2.20246543E+00,-1.21702E-03
+13.50000E-03,-2.19583169E+00,-1.21702E-03
+13.52500E-03,-2.19408366E+00,-513.62E-06
+13.55000E-03,-2.19450549E+00,-2.47330E-03
+13.57500E-03,-2.19438460E+00,-1.21702E-03
+13.60000E-03,-2.18588251E+00,-1.21702E-03
+13.62500E-03,-2.18708869E+00,-211.88E-06
+13.65000E-03,-2.18298761E+00,+39.26E-06
+13.67500E-03,-2.18135990E+00,-1.21702E-03
+13.70000E-03,-2.18286744E+00,+39.26E-06
+13.72500E-03,-2.17406356E+00,-1.01590E-03
+13.75000E-03,-2.16477699E+00,-1.21690E-03
+13.77500E-03,-2.16501805E+00,-161.63E-06
+13.80000E-03,-2.15971137E+00,-1.21702E-03
+13.82500E-03,-2.15651582E+00,-614.13E-06
+13.85000E-03,-2.14927979E+00,-865.50E-06
+13.87500E-03,-2.15090750E+00,-2.22193E-03
+13.90000E-03,-2.14210348E+00,-1.21702E-03
+13.92500E-03,-2.13685681E+00,-1.21702E-03
+13.95000E-03,-2.13118919E+00,-312.38E-06
+13.97500E-03,-2.12558101E+00,-664.38E-06
+14.00000E-03,-2.12226399E+00,-1.21702E-03
+14.02500E-03,-2.11014368E+00,-1.21702E-03
+14.05000E-03,-2.10598302E+00,-1.21702E-03
+14.07500E-03,-2.09844533E+00,+39.26E-06
+14.10000E-03,-2.09241518E+00,-915.64E-06
+14.12500E-03,-2.08578143E+00,-1.97091E-03
+14.15000E-03,-2.08137957E+00,-1.21702E-03
+14.17500E-03,-2.07390247E+00,-1.21702E-03
+14.20000E-03,-2.06624389E+00,-2.32243E-03
+14.22500E-03,-2.06075689E+00,-10.87E-06
+14.25000E-03,-2.05352056E+00,-1.21702E-03
+14.27500E-03,-2.04568151E+00,-1.21702E-03
+14.30000E-03,-2.03814382E+00,+39.26E-06
+14.32500E-03,-2.03259623E+00,-1.21702E-03
+14.35000E-03,-2.02306845E+00,-1.21702E-03
+14.37500E-03,-2.01553090E+00,-1.21702E-03
+14.40000E-03,-2.00521905E+00,-1.21702E-03
+14.42500E-03,-1.99997311E+00,-1.21702E-03
+14.45000E-03,-1.99141015E+00,-563.63E-06
+14.47500E-03,-1.98332961E+00,-1.21702E-03
+14.50000E-03,-1.97331970E+00,-212.12E-06
+14.52500E-03,-1.95963097E+00,-1.16665E-03
+14.55000E-03,-1.94992213E+00,-1.21702E-03
+14.57500E-03,-1.94208338E+00,-312.38E-06
+14.60000E-03,-1.93195302E+00,-513.38E-06
+14.62500E-03,-1.92598287E+00,-463.38E-06
+14.65000E-03,-1.91796248E+00,+39.26E-06
+14.67500E-03,-1.90083714E+00,+39.26E-06
+14.70000E-03,-1.89215358E+00,-1.11664E-03
+14.72500E-03,-1.88401332E+00,+39.26E-06
+14.75000E-03,-1.87593262E+00,-1.21702E-03
+14.77500E-03,-1.86345006E+00,+39.26E-06
+14.80000E-03,-1.85253519E+00,-312.62E-06
+14.82500E-03,-1.83764131E+00,-1.06615E-03
+14.85000E-03,-1.82859609E+00,-1.21702E-03
+14.87500E-03,-1.81985222E+00,-211.87E-06
+14.90000E-03,-1.81116836E+00,-412.88E-06
+14.92500E-03,-1.79555027E+00,+39.26E-06
+14.95000E-03,-1.78240484E+00,-1.21702E-03
+14.97500E-03,-1.77233448E+00,-1.01589E-03
+15.00000E-03,-1.76075645E+00,-1.21702E-03
+15.02500E-03,-1.74815328E+00,+240.14E-06
+15.05000E-03,-1.73108840E+00,-815.14E-06
+15.07500E-03,-1.72300785E+00,-1.21702E-03
+15.10000E-03,-1.70992242E+00,-413.13E-06
+15.12500E-03,-1.69382192E+00,-1.21702E-03
+15.15000E-03,-1.68230448E+00,-2.42293E-03
+15.17500E-03,-1.67102765E+00,-111.37E-06
+15.20000E-03,-1.66125940E+00,-2.12167E-03
+15.22500E-03,-1.64582162E+00,-664.38E-06
+15.25000E-03,-1.62658604E+00,-1.21702E-03
+15.27500E-03,-1.61723856E+00,-1.21702E-03
+15.30000E-03,-1.60246544E+00,-61.37E-06
+15.32500E-03,-1.59492775E+00,-1.21702E-03
+15.35000E-03,-1.57376132E+00,-1.21702E-03
+15.37500E-03,-1.56326946E+00,-1.21702E-03
+15.40000E-03,-1.54686715E+00,-664.13E-06
+15.42500E-03,-1.53010363E+00,-865.14E-06
+15.45000E-03,-1.52147961E+00,-1.36790E-03
+15.47500E-03,-1.50598302E+00,-1.21702E-03
+15.50000E-03,-1.49090765E+00,-2.22217E-03
+15.52500E-03,-1.47335976E+00,-1.66916E-03
+15.55000E-03,-1.46087690E+00,-1.21702E-03
+15.57500E-03,-1.44833373E+00,-1.61916E-03
+15.60000E-03,-1.42710835E+00,-1.21702E-03
+15.62500E-03,-1.41402262E+00,-1.21702E-03
+15.65000E-03,-1.40069644E+00,-1.41790E-03
+15.67500E-03,-1.38483700E+00,-1.61891E-03
+15.70000E-03,-1.36650549E+00,-1.21702E-03
+15.72500E-03,-1.35221418E+00,-1.21702E-03
+15.75000E-03,-1.33683715E+00,-1.21702E-03
+15.77500E-03,-1.32164026E+00,-1.21702E-03
+15.80000E-03,-1.30264619E+00,-1.21702E-03
+15.82500E-03,-1.28714840E+00,-1.56866E-03
+15.85000E-03,-1.26941915E+00,-2.47330E-03
+15.87500E-03,-1.25392227E+00,-1.21702E-03
+15.90000E-03,-1.23764132E+00,-2.47330E-03
+15.92500E-03,-1.22244519E+00,-1.21702E-03
+15.95000E-03,-1.20459594E+00,-1.21702E-03
+15.97500E-03,-1.18632413E+00,-2.17192E-03
+16.00000E-03,-1.17191252E+00,-1.71941E-03
+16.02500E-03,-1.15273634E+00,-2.47330E-03
+16.05000E-03,-1.13796232E+00,-1.21702E-03
+16.07500E-03,-1.11987232E+00,+39.26E-06
+16.10000E-03,-1.10075614E+00,-1.21702E-03
+16.12500E-03,-1.08598272E+00,-1.21702E-03
+16.15000E-03,-1.07096734E+00,-1.21702E-03
+16.17500E-03,-1.04931910E+00,-1.21702E-03
+16.20000E-03,-1.03472598E+00,-1.21702E-03
+16.22500E-03,-1.01681674E+00,-1.21702E-03
+16.25000E-03,-996.43483E-03,-1.21715E-03
+16.27500E-03,-978.34484E-03,-161.62E-06
+16.30000E-03,-960.19363E-03,-815.14E-06
+16.32500E-03,-939.08825E-03,-1.21702E-03
+16.35000E-03,-923.40955E-03,-2.02092E-03
+16.37500E-03,-907.18891E-03,-1.21702E-03
+16.40000E-03,-886.26413E-03,-1.21702E-03
+16.42500E-03,-872.99795E-03,-1.21702E-03
+16.45000E-03,-853.82146E-03,-1.56865E-03
+16.47500E-03,-831.08810E-03,-1.21702E-03
+16.50000E-03,-814.02246E-03,-1.21702E-03
+16.52500E-03,-800.51508E-03,-1.21702E-03
+16.55000E-03,-776.09328E-03,-1.21702E-03
+16.57500E-03,-762.64650E-03,-1.21702E-03
+16.60000E-03,-741.60051E-03,-1.21702E-03
+16.62500E-03,-719.34940E-03,-1.21702E-03
+16.65000E-03,-700.65563E-03,-1.21702E-03
+16.67500E-03,-683.10820E-03,-2.12142E-03
+16.70000E-03,-662.72629E-03,-2.32242E-03
+16.72500E-03,-646.62640E-03,-1.26715E-03
+16.75000E-03,-625.88238E-03,-1.21702E-03
+16.77500E-03,-608.03313E-03,-1.21702E-03
+16.80000E-03,-591.75141E-03,-1.21702E-03
+16.82500E-03,-569.86197E-03,-2.47330E-03
+16.85000E-03,-552.25377E-03,-1.21702E-03
+16.87500E-03,-535.12799E-03,-1.21702E-03
+16.90000E-03,-512.21341E-03,-1.41790E-03
+16.92500E-03,-495.87202E-03,-1.21702E-03
+16.95000E-03,-477.66049E-03,-1.81991E-03
+16.97500E-03,-454.56533E-03,-1.21702E-03
+17.00000E-03,-437.43970E-03,-1.21702E-03
+17.02500E-03,-418.62516E-03,-1.21702E-03
+17.05000E-03,-397.94283E-03,-1.21702E-03
+17.07500E-03,-380.69629E-03,-1.21702E-03
+17.10000E-03,-358.56564E-03,-1.21702E-03
+17.12500E-03,-338.54569E-03,-1.21702E-03
+17.15000E-03,-319.55088E-03,-2.47330E-03
+17.17500E-03,-296.93781E-03,-1.21702E-03
+17.20000E-03,-279.32915E-03,-1.21702E-03
+17.22500E-03,-260.69598E-03,-2.17193E-03
+17.25000E-03,-241.45995E-03,-714.64E-06
+17.27500E-03,-224.09312E-03,-1.76992E-03
+17.30000E-03,-202.20367E-03,-1.56891E-03
+17.32500E-03,-184.29366E-03,-2.32242E-03
+17.35000E-03,-164.39478E-03,-1.21702E-03
+17.37500E-03,-141.96278E-03,-1.46815E-03
+17.40000E-03,-123.14855E-03,-1.21702E-03
+17.42500E-03,-102.70540E-03,-1.87016E-03
+17.45000E-03,-84.43483E-03,-1.21702E-03
+17.47500E-03,-65.31909E-03,-1.21702E-03
+17.50000E-03,-43.67101E-03,-1.21702E-03
+17.52500E-03,-26.30418E-03,-1.01615E-03
+17.55000E-03,-7.91206E-03,-1.61890E-03
+17.57500E-03,+13.61495E-03,-1.21702E-03
+17.60000E-03,+31.82648E-03,-1.21702E-03
+17.62500E-03,+52.20839E-03,+39.26E-06
+17.65000E-03,+74.03738E-03,-1.16664E-03
+17.67500E-03,+91.10318E-03,-1.21702E-03
+17.70000E-03,+110.58072E-03,-1.77005E-03
+17.72500E-03,+128.55025E-03,-664.39E-06
+17.75000E-03,+147.18342E-03,-1.21702E-03
+17.77500E-03,+168.46969E-03,-1.21702E-03
+17.80000E-03,+190.23838E-03,-2.47330E-03
+17.82500E-03,+203.56470E-03,-2.47330E-03
+17.85000E-03,+230.33872E-03,-1.21702E-03
+17.87500E-03,+249.39448E-03,-1.21702E-03
+17.90000E-03,+271.88678E-03,-1.76992E-03
+17.92500E-03,+287.50535E-03,-1.21702E-03
+17.95000E-03,+307.94692E-03,-2.32242E-03
+17.97500E-03,+328.50990E-03,-1.26714E-03
+18.00000E-03,+348.59046E-03,-1.21702E-03
+18.02500E-03,+364.20855E-03,-1.21702E-03
+18.05000E-03,+385.85679E-03,-1.26701E-03
+18.07500E-03,+402.98242E-03,-1.21702E-03
+18.10000E-03,+426.37956E-03,-1.21702E-03
+18.12500E-03,+444.77120E-03,+39.13E-06
+18.15000E-03,+463.88662E-03,-1.21702E-03
+18.17500E-03,+484.08827E-03,-1.61890E-03
+18.20000E-03,+503.56469E-03,-614.14E-06
+18.22500E-03,+518.76115E-03,-2.02091E-03
+18.25000E-03,+540.34893E-03,-2.47330E-03
+18.27500E-03,+559.52497E-03,-1.26741E-03
+18.30000E-03,+575.74576E-03,-1.21702E-03
+18.32500E-03,+597.93735E-03,-1.21702E-03
+18.35000E-03,+617.65563E-03,-1.21702E-03
+18.37500E-03,+636.83199E-03,-1.21702E-03
+18.40000E-03,+658.41945E-03,-2.17166E-03
+18.42500E-03,+674.64103E-03,-1.21702E-03
+18.45000E-03,+696.04775E-03,-2.37294E-03
+18.47500E-03,+713.89667E-03,-2.17193E-03
+18.50000E-03,+729.99717E-03,-463.12E-06
+18.52500E-03,+755.32348E-03,-1.21702E-03
+18.55000E-03,+769.73587E-03,-1.56892E-03
+18.57500E-03,+787.70604E-03,-1.21702E-03
+18.60000E-03,+809.23400E-03,-1.21702E-03
+18.62500E-03,+825.27372E-03,-211.86E-06
+18.65000E-03,+839.20304E-03,+1.74767E-03
+18.67500E-03,+859.22363E-03,+7.52697E-03
+18.70000E-03,+873.87657E-03,+13.40636E-03
+18.72500E-03,+888.22817E-03,+21.59718E-03
+18.75000E-03,+901.55512E-03,+30.19028E-03
+18.77500E-03,+914.88143E-03,+38.78311E-03
+18.80000E-03,+928.26886E-03,+48.23048E-03
+18.82500E-03,+942.25816E-03,+60.34077E-03
+18.85000E-03,+953.89667E-03,+70.03953E-03
+18.87500E-03,+965.17289E-03,+78.43149E-03
+18.90000E-03,+978.55999E-03,+89.38640E-03
+18.92500E-03,+991.28393E-03,+100.08992E-03
+18.95000E-03,+1.00280136E+00,+110.79343E-03
+18.97500E-03,+1.01546435E+00,+122.04958E-03
+19.00000E-03,+1.02487155E+00,+132.45145E-03
+19.02500E-03,+1.03644944E+00,+140.39142E-03
+19.05000E-03,+1.05230841E+00,+153.40623E-03
+19.07500E-03,+1.06262029E+00,+161.89883E-03
+19.10000E-03,+1.07118310E+00,+171.54707E-03
+19.12500E-03,+1.08336385E+00,+181.69768E-03
+19.15000E-03,+1.09451946E+00,+193.50659E-03
+19.17500E-03,+1.10440924E+00,+200.49179E-03
+19.20000E-03,+1.11749466E+00,+212.80349E-03
+19.22500E-03,+1.12756501E+00,+222.35095E-03
+19.25000E-03,+1.13733402E+00,+232.95424E-03
+19.27500E-03,+1.14812816E+00,+243.55766E-03
+19.30000E-03,+1.15855983E+00,+251.89869E-03
+19.32500E-03,+1.16838881E+00,+262.60207E-03
+19.35000E-03,+1.18014842E+00,+272.40175E-03
+19.37500E-03,+1.19100236E+00,+282.70312E-03
+19.40000E-03,+1.20107255E+00,+292.35109E-03
+19.42500E-03,+1.21011761E+00,+301.14492E-03
+19.45000E-03,+1.22193671E+00,+313.50673E-03
+19.47500E-03,+1.23321293E+00,+323.80837E-03
+19.50000E-03,+1.24105229E+00,+331.69755E-03
+19.52500E-03,+1.24539416E+00,+338.07973E-03
+19.55000E-03,+1.26131392E+00,+351.34620E-03
+19.57500E-03,+1.26897189E+00,+358.07946E-03
+19.60000E-03,+1.27928344E+00,+367.57708E-03
+19.62500E-03,+1.29049936E+00,+378.17996E-03
+19.65000E-03,+1.30105212E+00,+389.78814E-03
+19.67500E-03,+1.30605781E+00,+394.91418E-03
+19.70000E-03,+1.31751460E+00,+405.71778E-03
+19.72500E-03,+1.32782616E+00,+414.31075E-03
+19.75000E-03,+1.33602733E+00,+421.89897E-03
+19.77500E-03,+1.34676116E+00,+431.89910E-03
+19.80000E-03,+1.35508277E+00,+441.14533E-03
+19.82500E-03,+1.36436870E+00,+449.78800E-03
+19.85000E-03,+1.37323352E+00,+458.43163E-03
+19.87500E-03,+1.37944408E+00,+463.85821E-03
+19.90000E-03,+1.39029918E+00,+473.90929E-03
+19.92500E-03,+1.40048964E+00,+484.91390E-03
+19.95000E-03,+1.40754492E+00,+491.64743E-03
+19.97500E-03,+1.41562498E+00,+498.98412E-03
+20.00000E-03,+1.42316301E+00,+506.32108E-03
+20.02500E-03,+1.43347440E+00,+515.31550E-03
+20.05000E-03,+1.44083168E+00,+522.70299E-03
+20.07500E-03,+1.44879081E+00,+530.84341E-03
+20.10000E-03,+1.45548495E+00,+538.28102E-03
+20.12500E-03,+1.46477121E+00,+547.27585E-03
+20.15000E-03,+1.47441895E+00,+557.82820E-03
+20.17500E-03,+1.48062984E+00,+562.85332E-03
+20.20000E-03,+1.49015798E+00,+569.68777E-03
+20.22500E-03,+1.49552448E+00,+576.82345E-03
+20.25000E-03,+1.50276100E+00,+582.70285E-03
+20.27500E-03,+1.51210740E+00,+590.49151E-03
+20.30000E-03,+1.51813755E+00,+599.28548E-03
+20.32500E-03,+1.52416770E+00,+603.05433E-03
+20.35000E-03,+1.53321292E+00,+613.10458E-03
+20.37500E-03,+1.53924307E+00,+619.38599E-03
+20.40000E-03,+1.54877122E+00,+627.87901E-03
+20.42500E-03,+1.55474073E+00,+632.65260E-03
+20.45000E-03,+1.56185614E+00,+641.84816E-03
+20.47500E-03,+1.56643889E+00,+645.76790E-03
+20.50000E-03,+1.57753504E+00,+655.06480E-03
+20.52500E-03,+1.57994659E+00,+657.07443E-03
+20.55000E-03,+1.58597674E+00,+663.95899E-03
+20.57500E-03,+1.59152431E+00,+669.63724E-03
+20.60000E-03,+1.59652951E+00,+673.40609E-03
+20.62500E-03,+1.60406736E+00,+680.94420E-03
+20.65000E-03,+1.61088177E+00,+687.67801E-03
+20.67500E-03,+1.61365547E+00,+691.89911E-03
+20.70000E-03,+1.61998730E+00,+696.72309E-03
+20.72500E-03,+1.62378629E+00,+701.59760E-03
+20.75000E-03,+1.62879115E+00,+705.31592E-03
+20.77500E-03,+1.63868009E+00,+716.11965E-03
+20.80000E-03,+1.64344391E+00,+721.44600E-03
+20.82500E-03,+1.64887138E+00,+728.33085E-03
+20.85000E-03,+1.65116335E+00,+730.79344E-03
+20.87500E-03,+1.65713303E+00,+733.95927E-03
+20.90000E-03,+1.66020807E+00,+738.07974E-03
+20.92500E-03,+1.66286116E+00,+741.24528E-03
+20.95000E-03,+1.66889131E+00,+743.95857E-03
+20.97500E-03,+1.67492146E+00,+752.25045E-03
+21.00000E-03,+1.67944408E+00,+756.32066E-03
+21.02500E-03,+1.68463018E+00,+761.89869E-03
+21.05000E-03,+1.68631879E+00,+762.40149E-03
+21.07500E-03,+1.68999684E+00,+767.77809E-03
+21.10000E-03,+1.69602699E+00,+772.65232E-03
+21.12500E-03,+1.69813806E+00,+774.66265E-03
+21.15000E-03,+1.70603721E+00,+784.31089E-03
+21.17500E-03,+1.70657976E+00,+783.30572E-03
+21.20000E-03,+1.71007741E+00,+788.98397E-03
+21.22500E-03,+1.71031896E+00,+789.78856E-03
+21.25000E-03,+1.71713235E+00,+794.00924E-03
+21.27500E-03,+1.72069099E+00,+798.02991E-03
+21.30000E-03,+1.72268043E+00,+800.29051E-03
+21.32500E-03,+1.72545430E+00,+804.10989E-03
+21.35000E-03,+1.72768528E+00,+805.31563E-03
+21.37500E-03,+1.72979618E+00,+807.07471E-03
+21.40000E-03,+1.73226837E+00,+810.34076E-03
+21.42500E-03,+1.73371543E+00,+810.19015E-03
+21.45000E-03,+1.73823805E+00,+815.36588E-03
+21.47500E-03,+1.74360505E+00,+821.09467E-03
+21.50000E-03,+1.74517255E+00,+821.89826E-03
+21.52500E-03,+1.74463018E+00,+821.64729E-03
+21.55000E-03,+1.74879081E+00,+825.41613E-03
+21.57500E-03,+1.74879081E+00,+825.51649E-03
+21.60000E-03,+1.74993671E+00,+825.41613E-03
+21.62500E-03,+1.75421812E+00,+830.44126E-03
+21.65000E-03,+1.75415747E+00,+830.99417E-03
+21.67500E-03,+1.75331342E+00,+830.44126E-03
+21.70000E-03,+1.75331342E+00,+830.44126E-03
+21.72500E-03,+1.75476083E+00,+831.69754E-03
+21.75000E-03,+1.75813737E+00,+835.71750E-03
+21.77500E-03,+1.75880103E+00,+836.27055E-03
+21.80000E-03,+1.75934357E+00,+836.72267E-03
+21.82500E-03,+1.75831862E+00,+835.86854E-03
+21.85000E-03,+1.75910219E+00,+836.72267E-03
+21.87500E-03,+1.75783621E+00,+836.72252E-03
+21.90000E-03,+1.76061008E+00,+836.52181E-03
+21.92500E-03,+1.75886134E+00,+836.72267E-03
+21.95000E-03,+1.75934357E+00,+836.72267E-03
+21.97500E-03,+1.75934357E+00,+836.72267E-03
+22.00000E-03,+1.75813772E+00,+836.72267E-03
+22.02500E-03,+1.75789651E+00,+835.46639E-03
+22.05000E-03,+1.75916284E+00,+835.46639E-03
+22.07500E-03,+1.75892164E+00,+836.37105E-03
+22.10000E-03,+1.76000672E+00,+836.17005E-03
+22.12500E-03,+1.75632850E+00,+836.72267E-03
+22.15000E-03,+1.75675009E+00,+835.21440E-03
+22.17500E-03,+1.75180589E+00,+830.44126E-03
+22.20000E-03,+1.75319300E+00,+830.44126E-03
+22.22500E-03,+1.75180589E+00,+830.44126E-03
+22.25000E-03,+1.75331342E+00,+830.44126E-03
+22.27500E-03,+1.74661978E+00,+824.15985E-03
+22.30000E-03,+1.74728327E+00,+825.06423E-03
+22.32500E-03,+1.74728327E+00,+825.41613E-03
+22.35000E-03,+1.74583586E+00,+822.95368E-03
+22.37500E-03,+1.74245933E+00,+819.13473E-03
+22.40000E-03,+1.74179566E+00,+820.39101E-03
+22.42500E-03,+1.73600672E+00,+814.10960E-03
+22.45000E-03,+1.73172531E+00,+809.53644E-03
+22.47500E-03,+1.73045898E+00,+807.82819E-03
+22.50000E-03,+1.73220737E+00,+809.08418E-03
+22.52500E-03,+1.72340370E+00,+802.80307E-03
+22.55000E-03,+1.72617775E+00,+802.80307E-03
+22.57500E-03,+1.72014759E+00,+797.77794E-03
+22.60000E-03,+1.72014759E+00,+797.77794E-03
+22.62500E-03,+1.71411744E+00,+791.74794E-03
+22.65000E-03,+1.70947387E+00,+788.88318E-03
+22.67500E-03,+1.70941410E+00,+786.47141E-03
+22.70000E-03,+1.70205714E+00,+781.99934E-03
+22.72500E-03,+1.70440908E+00,+782.14995E-03
+22.75000E-03,+1.69512176E+00,+773.15424E-03
+22.77500E-03,+1.69264993E+00,+771.39603E-03
+22.80000E-03,+1.68824774E+00,+765.11463E-03
+22.82500E-03,+1.68432797E+00,+761.74720E-03
+22.85000E-03,+1.68095162E+00,+759.78814E-03
+22.87500E-03,+1.67703184E+00,+755.06438E-03
+22.90000E-03,+1.67039885E+00,+749.48634E-03
+22.92500E-03,+1.66913199E+00,+748.63162E-03
+22.95000E-03,+1.66002717E+00,+738.73272E-03
+22.97500E-03,+1.65695126E+00,+735.11418E-03
+23.00000E-03,+1.65713234E+00,+734.20981E-03
+23.02500E-03,+1.65080086E+00,+728.68247E-03
+23.05000E-03,+1.64706199E+00,+724.91362E-03
+23.07500E-03,+1.63874056E+00,+718.63222E-03
+23.10000E-03,+1.63421795E+00,+713.60709E-03
+23.12500E-03,+1.62818726E+00,+708.58122E-03
+23.15000E-03,+1.62366518E+00,+702.30056E-03
+23.17500E-03,+1.61660973E+00,+695.56659E-03
+23.20000E-03,+1.61154422E+00,+690.94348E-03
+23.22500E-03,+1.60545359E+00,+685.41554E-03
+23.25000E-03,+1.60044875E+00,+679.93815E-03
+23.27500E-03,+1.59345395E+00,+670.89352E-03
+23.30000E-03,+1.58748428E+00,+665.86840E-03
+23.32500E-03,+1.58145413E+00,+660.49166E-03
+23.35000E-03,+1.57608712E+00,+655.81815E-03
+23.37500E-03,+1.57271005E+00,+651.54664E-03
+23.40000E-03,+1.56680032E+00,+646.11921E-03
+23.42500E-03,+1.55872028E+00,+638.12955E-03
+23.45000E-03,+1.55269049E+00,+633.20508E-03
+23.47500E-03,+1.54412732E+00,+625.01383E-03
+23.50000E-03,+1.53713180E+00,+619.38524E-03
+23.52500E-03,+1.52953435E+00,+610.03910E-03
+23.55000E-03,+1.52139329E+00,+603.25488E-03
+23.57500E-03,+1.51361493E+00,+595.36574E-03
+23.60000E-03,+1.50909232E+00,+591.64759E-03
+23.62500E-03,+1.50064975E+00,+582.95383E-03
+23.65000E-03,+1.49262947E+00,+573.45574E-03
+23.67500E-03,+1.48358406E+00,+566.11890E-03
+23.70000E-03,+1.47743403E+00,+559.93860E-03
+23.72500E-03,+1.47043833E+00,+553.45589E-03
+23.75000E-03,+1.46085093E+00,+545.26523E-03
+23.77500E-03,+1.45078040E+00,+536.87312E-03
+23.80000E-03,+1.44221759E+00,+528.07930E-03
+23.82500E-03,+1.43745395E+00,+522.65232E-03
+23.85000E-03,+1.43057922E+00,+514.56126E-03
+23.87500E-03,+1.41683083E+00,+501.29553E-03
+23.90000E-03,+1.41104189E+00,+495.01413E-03
+23.92500E-03,+1.40241859E+00,+489.03393E-03
+23.95000E-03,+1.39753453E+00,+482.45131E-03
+23.97500E-03,+1.38897117E+00,+475.31518E-03
+24.00000E-03,+1.37582581E+00,+462.60177E-03
+24.02500E-03,+1.36889132E+00,+456.06940E-03
+24.05000E-03,+1.35972531E+00,+444.76287E-03
+24.07500E-03,+1.35369552E+00,+440.99403E-03
+24.10000E-03,+1.33946382E+00,+428.07900E-03
+24.12500E-03,+1.33120288E+00,+419.63724E-03
+24.15000E-03,+1.32167469E+00,+410.44081E-03
+24.17500E-03,+1.31118259E+00,+401.34548E-03
+24.20000E-03,+1.30485039E+00,+395.01337E-03
+24.22500E-03,+1.29502197E+00,+384.56156E-03
+24.25000E-03,+1.28657940E+00,+376.67181E-03
+24.27500E-03,+1.27295144E+00,+364.36086E-03
+24.30000E-03,+1.26499109E+00,+356.92307E-03
+24.32500E-03,+1.25437821E+00,+346.82272E-03
+24.35000E-03,+1.24177537E+00,+335.91804E-03
+24.37500E-03,+1.23472028E+00,+327.92855E-03
+24.40000E-03,+1.22718278E+00,+320.39101E-03
+24.42500E-03,+1.21608693E+00,+310.74262E-03
+24.45000E-03,+1.20456971E+00,+299.03423E-03
+24.47500E-03,+1.19401695E+00,+287.72770E-03
+24.50000E-03,+1.18467003E+00,+280.94347E-03
+24.52500E-03,+1.17429799E+00,+271.29523E-03
+24.55000E-03,+1.16157400E+00,+259.28503E-03
+24.57500E-03,+1.15373536E+00,+251.09407E-03
+24.60000E-03,+1.14324253E+00,+241.64684E-03
+24.62500E-03,+1.13250904E+00,+230.69237E-03
+24.65000E-03,+1.12207670E+00,+220.23980E-03
+24.67500E-03,+1.10947405E+00,+207.32569E-03
+24.70000E-03,+1.09801621E+00,+196.42055E-03
+24.72500E-03,+1.08734340E+00,+187.52654E-03
+24.75000E-03,+1.07612713E+00,+180.18986E-03
+24.77500E-03,+1.06370521E+00,+167.12468E-03
+24.80000E-03,+1.05490119E+00,+160.49136E-03
+24.82500E-03,+1.04404636E+00,+151.44568E-03
+24.85000E-03,+1.02842827E+00,+135.96814E-03
+24.87500E-03,+1.01884033E+00,+127.67699E-03
+24.90000E-03,+1.00816733E+00,+118.22975E-03
+24.92500E-03,+997.43311E-03,+109.48557E-03
+24.95000E-03,+983.44427E-03,+98.02921E-03
+24.97500E-03,+971.92613E-03,+88.63176E-03
